date,village,port,ground,sex,dml,tl,weight,lat,lon
2018-02-12,Somanga,Mbuyuni,CHAMBA CHA MACHANGE,F,14,110,1.385,-8.3978381,39.280793
2018-01-30,Bwejuu,Kusini,NYAMALILE,M,14.5,115,1.75,-7.9158093,39.6542357
2018-02-01,Somanga,Mbuyuni,BANIANI,M,17,115,1,-8.3926445,39.2815348
2018-01-21,Somanga,Mbuyuni,CHAMBA CHA SELEMANI,M,20,130,2.601,-8.3916141,39.2808858
2018-03-03,Somanga,Mbuyuni,BANDA,M,12,68,0.67,-8.3911457,39.2825083
2018-02-03,Somanga,Mbuyuni,MWAMBA JAHAZI,F,16,90,0.87,-8.3881477,39.2819625
2018-01-28,Songosongo,Pembeni,IMBI,M,15,96,1.02,-8.5269214,39.5102086
2018-02-20,Somanga,Mbuyuni,KOROBA,M,17,110,1.99,-8.3977731,39.2807855
2018-01-03,Jibondo,WALANI,LWALA,M,12,79,0.73,-7.9733902,39.7280478
2018-03-07,Songosongo,Pembeni,PWELA,F,12,84,0.875,-8.5287671,39.5052384
2018-01-01,Jibondo,WALANI,MCHANGA NYUMA,F,9,66.5,0.465,-7.9212189,39.666814
2018-01-03,Songosongo,Pembeni,IMBI,F,7,67,0.38,-8.5245525,39.5027535
2018-02-12,Jibondo,WALANI,MCHANGA NYUMA,M,9.5,57,0.45,-7.9746529,39.7333336
2018-02-12,Somanga,Mbuyuni,CHAMBA CHA SELEMANI,F,12,89,0.885,-8.3978381,39.280793
2018-01-07,Songosongo,Pembeni,PUPU,M,12,75,1.04,-8.5253303,39.5027721
2018-02-01,Somanga,Mbuyuni,KARUMBI KUBWA,F,12,87,1.06,-8.3913373,39.2808858
2018-01-05,Songosongo,Pembeni,MWAMBA WA KATI - SONGO,M,16,104,3.62,-8.5257726,39.5082688
2018-01-01,Jibondo,WALANI,MCHANGA NYUMA,M,10.5,72,0.62,0,0
2018-02-05,Songosongo,Funguni,IMBI,F,14,106,1.615,-8.5234063,39.5031224
2018-03-08,Songosongo,Pembeni,PWELA,M,16,99,1.615,-8.5287671,39.5052384
2018-03-02,Somanga,Mbuyuni,CHAMBA CHA SELEMANI,M,13,86,0.7,-8.3911457,39.2825083
2018-02-18,Jibondo,WALANI,MCHANGA NYUMA,M,10,68,0.3,-7.9191335,39.6653093
2018-01-18,Songosongo,Funguni,IMBI,F,11,86,0.68,-8.5129912,39.497275
2017-12-27,Bwejuu,Kusini,NYAMALILE,M,12,82,0.945,-6.7412701,39.1636337
2018-01-03,Songosongo,Pembeni,IMBI,F,13,72,1.165,-8.5232028,39.5028723
2018-02-17,Jibondo,WALANI,MCHANGA NYUMA,M,7,46,0.25,-7.9190075,39.6653273
2018-01-01,Jibondo,WALANI,MCHANGA NYUMA,M,10,68,0.785,-7.9190296,39.6653246
2017-12-19,Bwejuu,Kusini,NYAMALILE,F,10,73,0.745,-7.916452,39.6589407
2018-01-18,Songosongo,FUNGUNI,IMBI,M,13,79,1.025,-8.5137787,39.4953347
2018-01-05,Songosongo,Pembeni,MWAMBA WA KATI - SONGO,F,14,80,1.815,-8.5257726,39.5082688
2018-02-28,Bwejuu,Kusini,NYAMALILE,F,17,158,3.22,-7.9160826,39.6542357
2018-01-18,Songosongo,MBUYUNI,BANIANI,M,19,141,2.325,-8.3916141,39.2808858
2018-01-15,Somanga,Mbuyuni,MWAMBA MKUU,F,12,91,0.6,-8.4216475,39.2752449
2017-12-27,Jibondo,WALANI,Malokoni,M,9,68,0.25,-6.7417122,39.1662076
2017-12-19,Bwejuu,Kusini,NYAMALILE,F,11,79,0.695,-7.916452,39.6589407
2018-02-03,Somanga,Mbuyuni,KARUMBI KUBWA,M,17,98,1.001,-8.3926445,39.2815348
2018-02-03,Songosongo,Pembeni,IMBI,M,11,66,0.99,-8.5265244,39.5089154
2018-01-09,Songosongo,Pembeni,IMBI,F,8,49,0.425,-8.528925,39.5047433
2018-02-02,Songosongo,Pembeni,IMBI,M,18,97,3.395,-8.5266447,39.5102086
2018-02-26,Bwejuu,Kusini,NYAMALILE,M,10,85,1.435,-7.9160826,39.6542357
2018-03-04,Somanga,Mbuyuni,CHAMBA CHA SELEMANI,F,17,87,0.921,-8.3880438,39.2814612
2018-01-05,Songosongo,Pembeni,MWAMBA WA KATI - SONGO,M,15,95,1.29,-8.5257726,39.5082688
2018-01-30,Songosongo,Pembeni,IMBI,F,14,86,1.036,-8.5269214,39.5102086
2018-03-12,Jibondo,WALANI,MCHANGA NYUMA,F,9,63,0.2,-7.9189665,39.6652921
2018-01-02,Jibondo,WALANI,MCHANGA NYUMA,M,9.5,60.5,0.405,-7.9733938,39.7280458
2018-02-28,Bwejuu,Kusini,NYAMALILE,M,14,120,3.255,-7.9160826,39.6542357
2018-01-15,Somanga,Mbuyuni,BANIANI,M,16,116,1.445,-8.4216475,39.2752449
2018-01-30,Somanga,Mbuyuni,BANDA MRIMA,F,14,82,1,-8.3914225,39.2825083
2018-01-31,Somanga,Mbuyuni,KIJAMBA CHA WEMBE,M,13,90,2.875,-8.3913841,39.2828327
2018-01-03,Songosongo,Pembeni,IMBI,F,8,55,0.56,-8.5232028,39.5028723
2018-01-18,Songosongo,FUNGUNI,IMBI,F,11,78,0.56,-8.5137787,39.4953347
2018-02-28,Bwejuu,Kusini,NYAMALILE,M,18,140,3.12,-7.9160826,39.6542357
2018-02-20,Somanga,Mbuyuni,CHAMBA CHA SELEMANI,M,18,136,3.205,-8.3977731,39.2807855
2018-01-02,Jibondo,WALANI,MCHANGA NYUMA,F,11.5,86,0.605,-7.9733938,39.7280458
2018-01-01,Jibondo,WALANI,MCHANGA NYUMA,F,9,67,0.385,-7.9212189,39.666814
2018-02-20,Jibondo,WALANI,MCHANGA NYUMA,M,10,77,0.6,-7.9733374,39.7279309
2018-01-20,Songosongo,Funguni,IMBI,M,16,103,1.54,-8.523331,39.5030188
2018-01-20,Jibondo,WALANI,MCHANGA NYUMA,F,10,72,0.66,-7.9733466,39.7279827
2018-01-16,Somanga,Mbuyuni,CHAMBA CHA SELEMANI,F,13,98,1.175,-8.397738,39.2807041
2018-01-16,Jibondo,WALANI,MCHANGA NYUMA,F,8,51.5,0.34,0,0
2018-02-01,Songosongo,Pembeni,IMBI,F,14,90,0.97,-8.5262477,39.5089154
2018-02-18,Jibondo,WALANI,MCHANGA NYUMA,F,8.5,59,0.2,-7.9191335,39.6653093
2018-01-15,Jibondo,WALANI,MCHANGA NYUMA,M,10,76,0.515,-7.9205629,39.6677814
2018-01-05,Songosongo,Pembeni,IMBI,M,17,103,2.855,0,0
2017-12-27,Jibondo,WALANI,MCHANGA NYUMA,F,9,66,0.38,-6.7412701,39.1636337
2018-02-04,Songosongo,Pembeni,IMBI,M,14,96,1.155,-8.5234117,39.5031302
2018-02-20,Jibondo,WALANI,MCHANGA NYUMA,M,10.5,68,0.5,-7.9733374,39.7279309
2018-01-16,Somanga,Mbuyuni,MAKATONI,F,18,129,2.355,-8.397738,39.2807041
2018-03-07,Songosongo,Pembeni,PWELA,M,13,75,1.285,-8.5287671,39.5052384
2018-02-15,Songosongo,Pembeni,IMBI,F,14,87,1.61,-8.5234331,39.503162
2018-03-12,Jibondo,WALANI,MCHANGA NYUMA,M,8.5,51,0.35,-7.9190966,39.6652922
2018-01-14,Songosongo,Pembeni,IMBI,M,10,60,1.005,-8.5232831,39.5029609
2018-02-15,Songosongo,Pembeni,IMBI,M,9,73,0.595,-8.5253769,39.5030311
2018-02-12,Somanga,Mbuyuni,CHAMBA CHA MACHANGE,F,14,89,1.25,0,0
2018-01-16,Bwejuu,Kusini,NYAMALILE,M,14,130,3.277,-7.9158093,39.6542357
2018-01-17,Somanga,Mbuyuni,MAKATONI,F,15,106,1.03,-8.7590907,39.4124931
2018-01-18,Songosongo,FUNGUNI,IMBI,M,12,98,1.24,-8.5137787,39.4953347
2018-02-11,Jibondo,WALANI,MCHANGA NYUMA,F,11,84,0.73,-7.9746529,39.7333336
2018-02-17,Somanga,Mbuyuni,CHAMBA CHA CHOCHA,F,22,142,4.203,-8.3978381,39.280793
2018-01-16,Somanga,Mbuyuni,CHOCHA,F,12,80,0.605,-8.3883685,39.2807751
2018-01-16,Somanga,Mbuyuni,CHAMBA CHA MACHANGE,F,13,88,1.13,-8.397738,39.2807041
2018-01-16,Songosongo,FUNGUNI,BANYANI,M,13,83,0.835,-8.5266447,39.5102086
2018-01-16,Somanga,Mbuyuni,CHOCHA,M,12,65,0.505,-8.3883685,39.2807751
2017-12-21,Songosongo,Pembeni,PWELA,M,13,96,1.31,-8.5257726,39.5082688
2018-02-15,Songosongo,Pembeni,IMBI,M,11,70,0.945,-8.5234331,39.503162
2018-01-03,Jibondo,WALANI,LWALA,F,13,94,0.88,-7.9733902,39.7280478
2018-03-07,Songosongo,Pembeni,PWELA,M,12,73,0.89,-8.5287671,39.5052384
2018-01-30,Somanga,Mbuyuni,BANDA MRIMA,M,11,66,0.5,-8.3881779,39.2818593
2017-12-18,Somanga,Mbuyuni,Banda ya ndani,F,8,21,0.525,-8.3989641,39.2795878
2017-12-31,Bwejuu,Kusini,NYAMALILE,F,13,113,2.11,-7.9163194,39.6545582
2018-01-07,Songosongo,Pembeni,PUPU,M,15,95,1.135,-8.5253303,39.5027721
2018-01-01,Jibondo,WALANI,MCHANGA NYUMA,F,14,96,0.985,-7.9212189,39.666814
2018-01-17,Jibondo,WALANI,MCHANGA NYUMA,F,13,102,1.26,-7.94622,39.6967008
2017-12-18,Somanga,Mbuyuni,WEMBE KUBWA,M,14,94,1.165,-8.3997946,39.2795878
2018-03-08,Songosongo,Pembeni,PWELA,M,10,70,0.62,-8.5287671,39.5052384
2018-02-02,Somanga,Mbuyuni,CHAMBA CHA CHOCHA,M,16,101,1.335,-8.3881779,39.2818593
2018-03-06,Songosongo,Pembeni,PWELA,F,12,70,0.955,-8.5287671,39.5052384
2018-02-04,Songosongo,Pembeni,IMBI,M,14,78,1.325,-8.5234117,39.5031302
2018-01-09,Songosongo,Pembeni,IMBI,M,11,79,1.77,-8.528925,39.5047433
2018-01-16,Bwejuu,Kusini,NYAMALILE,F,8,86,1.35,-7.9158093,39.6542357
2018-02-27,Somanga,Mbuyuni,MWAMBA MKUU,M,13,64,1.095,-8.392193,39.2780364
2018-02-15,Songosongo,Pembeni,IMBI,F,12,74,1.395,-8.5253769,39.5030311
2018-01-16,Somanga,Mbuyuni,BANDA MRIMA,F,10,55,0.51,-8.397738,39.2807041
2018-01-06,Jibondo,WALANI,MCHANGA NYUMA,M,8,57,0.365,-7.9733902,39.7280478
2018-01-23,Somanga,Mbuyuni,KARUMBI KUBWA,F,18,136,2.503,-8.3916141,39.2808858
2018-02-14,Somanga,Mbuyuni,CHAMBA CHA SELEMANI,F,16,105,1.63,-8.3978381,39.280793
2018-03-06,Songosongo,Pembeni,PWELA,M,9,52,0.525,-8.5287671,39.5052384
2018-01-05,Songosongo,Pembeni,MWAMBA WA KATI - SONGO,F,10,63,1.105,-8.5257726,39.5082688
2018-02-02,Songosongo,Pembeni,IMBI,F,14,76,1.25,-8.5288861,39.5049326
2017-12-27,Bwejuu,Kusini,NYAMALILE,F,21,132,3.545,-6.7413759,39.1681849
2018-01-16,Somanga,Mbuyuni,PWAYASI,M,13,65,0.55,-8.3916141,39.2808858
2018-01-31,Songosongo,Pembeni,IMBI,M,15,100,3.285,-8.5262477,39.5089154
2018-01-04,Jibondo,WALANI,LWALA,F,16,112,2.28,-7.9733902,39.7280478
2018-01-15,Songosongo,FUNGUNI,BANYANI,M,13,87,0.885,-8.5252603,39.5027571
2018-01-14,Jibondo,WALANI,MCHANGA NYUMA,F,9,68,0.435,-7.9187966,39.661654
2018-02-14,Somanga,Mbuyuni,CHAMBA CHA SELEMANI,M,14,97,1.094,-8.3978381,39.280793
2018-01-30,Somanga,Mbuyuni,BANDA MRIMA,F,13,87,1.011,-8.3881779,39.2818593
2018-01-28,Songosongo,Pembeni,IMBI,F,12,77,0.67,-8.5269214,39.5102086
2018-01-31,Somanga,Mbuyuni,BANDA MRIMA,F,13,85,0.888,-8.3898087,39.2844552
2018-02-02,Somanga,Mbuyuni,CHAMBA CHA CHOCHA,M,16,108,1.595,-8.3913841,39.2828327
2018-02-17,Jibondo,WALANI,MCHANGA NYUMA,F,11,75,0.7,-7.9206724,39.666814
2018-01-31,Songosongo,Pembeni,IMBI,M,12,81,1.78,-8.5266447,39.5102086
2018-02-28,Bwejuu,Kusini,NYAMALILE,F,11,62,0.75,-7.9160826,39.6542357
2018-02-18,Jibondo,WALANI,MCHANGA NYUMA,M,8,62,0.2,-7.9191335,39.6653093
2018-01-17,Somanga,Mbuyuni,CHOCHA,M,12,75,1.805,-8.397738,39.2807041
2018-02-27,Somanga,Mbuyuni,CHAMBA CHA CHOCHA,M,12,70,0.75,-8.392193,39.2780364
2018-02-28,Bwejuu,Kusini,NYAMALILE,M,11,83,0.11,-7.9160826,39.6542357
2018-03-12,Jibondo,WALANI,MCHANGA NYUMA,F,12,96,1.25,-7.9190315,39.6652922
2018-01-31,Somanga,Mbuyuni,BANDA MRIMA,M,13,88,1.085,-8.3911159,39.2851041
2018-01-20,Songosongo,Funguni,IMBI,M,17,102,1.55,-8.523331,39.5030188
2018-03-03,Somanga,Mbuyuni,CHAMBA CHA CHOCHA,M,12,67,0.613,-8.3910776,39.2854286
2018-02-11,Jibondo,WALANI,MCHANGA NYUMA,F,12,81,1.15,-7.9746529,39.7333336
2018-01-15,Songosongo,FUNGUNI,NYAMAMBI,M,11,76,0.6,-8.5232273,39.5029003
2018-02-02,Somanga,Mbuyuni,MCHANGA MUOVU,F,19,124,2.085,-8.3913373,39.2808858
2018-02-26,Bwejuu,Kusini,NYAMALILE,M,14,117,2.14,-7.9160826,39.6542357
2018-01-03,Songosongo,Pembeni,IMBI,F,13,93,1.135,-8.5232028,39.5028723
2018-01-04,Songosongo,Pembeni,IMBI,F,14,107,2.31,-8.5252273,39.5026941
2018-01-07,Songosongo,Pembeni,IMBI,F,8,71,0.46,-8.5253303,39.5027721
2018-01-31,Somanga,Mbuyuni,KIJAMBA CHA WEMBE,F,22,136,3.31,-8.3881779,39.2818593
2018-01-17,Jibondo,WALANI,MCHANGA NYUMA,F,9,61,0.545,-7.94622,39.6967008
2018-01-20,Jibondo,WALANI,MCHANGA NYUMA,F,10,71,0.43,-7.9733466,39.7279827
2018-02-17,Jibondo,WALANI,MCHANGA NYUMA,F,9,62,0.35,-7.9191335,39.6653093
2018-01-15,Songosongo,FUNGUNI,NYAMAMBI,F,15,92,1.78,-8.5232273,39.5029003
2018-03-10,Jibondo,WALANI,MCHANGA NYUMA,F,8,61,0.4,-7.9190966,39.6652922
2018-02-17,Somanga,Mbuyuni,CHAMBA CHA CHOCHA,M,16,95,1.22,-8.3978381,39.280793
2018-01-03,Jibondo,WALANI,LWALA,F,12,82,0.81,-7.9733902,39.7280478
2018-02-15,Songosongo,Pembeni,IMBI,F,12,77,1.245,-8.5234331,39.503162
2018-01-17,Somanga,Mbuyuni,MWAMBA KARUMBI,F,16,112,1.48,-8.7539461,39.4130324
2018-03-10,Jibondo,WALANI,MCHANGA NYUMA,M,11,73,0.5,-7.9190966,39.6652922
2018-02-11,Jibondo,WALANI,MCHANGA NYUMA,F,8,61,0.215,-7.9746529,39.7333336
2018-01-03,Songosongo,Pembeni,IMBI,M,11,59,0.608,-8.5232028,39.5028723
2018-01-20,Jibondo,WALANI,MCHANGA NYUMA,F,13,82,1.2,-7.9733466,39.7279827
2018-01-31,Songosongo,Pembeni,IMBI,F,16,122,4.105,-8.5262477,39.5089154
2018-01-17,Jibondo,WALANI,MCHANGA NYUMA,M,11,80,0.585,-7.9734177,39.7280679
2018-02-12,Jibondo,WALANI,MCHANGA NYUMA,F,12,99,1.25,-7.9741182,39.7294142
2018-01-30,Songosongo,Pembeni,IMBI,M,10,67,0.708,-8.5262477,39.5089154
2018-01-16,Somanga,Mbuyuni,MAKATONI,F,11,82,0.75,-8.397738,39.2807041
2018-02-17,Jibondo,WALANI,MCHANGA NYUMA,F,11,77,0.66,-7.9206724,39.666814
2018-01-07,Songosongo,Pembeni,IMBI,M,11,70,1.155,-8.5260493,39.5082688
2018-02-01,Somanga,Mbuyuni,BANIANI,F,16,97,1.365,-8.3926445,39.2815348
2018-03-12,Jibondo,WALANI,MCHANGA NYUMA,M,9,66,0.45,-7.9190966,39.6652922
2018-02-26,Bwejuu,Kusini,NYAMALILE,M,17,149,4.41,-7.9160826,39.6542357
2018-01-30,Somanga,Mbuyuni,MWAMBA MKUU,M,15,101,1.485,0,0
2018-03-10,Jibondo,WALANI,MCHANGA NYUMA,F,9,68,0.5,-7.9189665,39.6652921
2018-03-02,Somanga,Mbuyuni,MWAMBA MKUU,M,10,66,0.73,-8.3910776,39.2854286
2018-03-06,Songosongo,Pembeni,PWELA,F,15,100,3.185,-8.5287671,39.5052384
2017-12-31,Bwejuu,Kusini,NYAMALILE,F,6,58,0.435,-7.9163194,39.6545582
2018-02-04,Songosongo,Pembeni,IMBI,F,14,98,1.195,-8.5234117,39.5031302
2018-02-03,Somanga,Mbuyuni,KARUMBI KUBWA,F,20,124,2.111,-8.3926445,39.2815348
2018-03-12,Jibondo,WALANI,MCHANGA NYUMA,F,11,71,0.655,-7.9190966,39.6652922
2018-02-20,Jibondo,WALANI,MCHANGA NYUMA,M,12,100,1,-7.9191242,39.6653364
2018-02-12,Jibondo,WALANI,MCHANGA NYUMA,F,8.5,65,0.24,-7.9746529,39.7333336
2018-02-20,Somanga,Mbuyuni,MZIWAJI,F,13,80,1.099,-8.3977731,39.2807855
2018-01-16,Songosongo,FUNGUNI,SONGOSONGO,F,11,64,0.51,-8.5266447,39.5102086
2018-03-08,Songosongo,Pembeni,PWELA,M,12,80,1.195,-8.5287671,39.5052384
2018-02-20,Jibondo,WALANI,MCHANGA NYUMA,M,9,71,0.3,-7.9191242,39.6653364
2018-02-01,Songosongo,Pembeni,IMBI,M,13,80,1.01,-8.5262477,39.5089154
2018-01-07,Songosongo,Pembeni,IMBI,M,13,84,1.686,-8.5260493,39.5082688
2018-01-07,Songosongo,Pembeni,PUPU,F,14,99,1.085,0,0
2018-01-14,Bwejuu,Kusini,NYAMALILE,F,18,149,4.375,-7.9158093,39.6542357
2018-01-30,Somanga,Mbuyuni,Banda ya nje,F,15,103,1.085,0,0
2018-02-12,Somanga,Mbuyuni,CHAMBA CHA SELEMANI,F,12,72,0.61,-8.3978381,39.280793
2018-01-16,Somanga,Mbuyuni,BANDA MRIMA,M,14,85,1.075,-8.397738,39.2807041
2018-02-18,Jibondo,WALANI,MCHANGA NYUMA,F,13,100,0.95,-7.9191335,39.6653093
2018-02-12,Somanga,Mbuyuni,CHAMBA CHA SELEMANI,M,16,116,1.59,-8.3978381,39.280793
2018-01-19,Jibondo,WALANI,LWALA,F,9,65,0.425,-7.9734177,39.7280679
2018-01-17,Somanga,Mbuyuni,MAKATONI,F,12,92,0.925,-8.7590907,39.4124931
2018-01-16,Somanga,Mbuyuni,MAKATONI,M,13,92,1.24,-8.397738,39.2807041
2018-01-30,Somanga,Mbuyuni,BANDA MRIMA,F,14,94,1.011,-8.3881779,39.2818593
2018-01-30,Somanga,Mbuyuni,MWAMBA MKUU,M,15,90,1.5,-8.3926445,39.2815348
2018-03-07,Songosongo,Pembeni,PWELA,F,11,67,0.785,-8.5287671,39.5052384
2018-01-02,Jibondo,WALANI,MCHANGA NYUMA,M,14.5,122,1.495,-7.9733938,39.7280458
2018-01-16,Songosongo,FUNGUNI,NYAMAMBI,M,11,62,0.755,-8.5260493,39.5082688
2018-03-04,Somanga,Mbuyuni,BANDA,F,18,110,1.707,-8.3882769,39.2819822
2018-01-09,Songosongo,Pembeni,IMBI,M,9,52,0.46,-8.528925,39.5047433
2018-02-11,Jibondo,WALANI,MCHANGA NYUMA,M,10,66,0.625,-7.9746529,39.7333336
2018-02-01,Songosongo,Pembeni,IMBI,M,12,107,3.165,-8.5262477,39.5089154
2018-01-17,Songosongo,FUNGUNI,BANYANI,F,13,91,0.87,-8.5137787,39.4953347
2018-03-12,Jibondo,WALANI,MCHANGA NYUMA,M,8,53,0.3,-7.9190966,39.6652922
2018-02-20,Somanga,Mbuyuni,KOROBA,F,13,71,0.89,-8.3977731,39.2807855
2018-02-14,Somanga,Mbuyuni,CHAMBA CHA SELEMANI,F,13,90,0.53,-8.3978381,39.280793
2018-02-26,Bwejuu,Kusini,NYAMALILE,M,11,95,1.285,-7.9160826,39.6542357
2018-03-12,Jibondo,WALANI,MCHANGA NYUMA,F,8,64,0.3,-7.9190966,39.6652922
2017-12-22,Songosongo,Pembeni,IMBI,F,9,52,0.4,-6.8706637,39.1905014
2018-01-30,Somanga,Mbuyuni,Banda ya nje,F,15,108,0.69,0,0
2018-01-20,Songosongo,Funguni,IMBI,F,17,135,3.77,-8.523331,39.5030188
2018-02-02,Songosongo,Pembeni,IMBI,F,17,87,2.21,-8.5265244,39.5089154
2018-03-08,Songosongo,Pembeni,PWELA,F,22,147,3.86,-8.5287671,39.5052384
2018-02-01,Somanga,Mbuyuni,KARUMBI KUBWA,F,16,133,2.17,-8.3913841,39.2828327
2018-01-16,Somanga,Mbuyuni,MAKATONI,M,14,90,1.215,-8.397738,39.2807041
2018-03-06,Songosongo,Pembeni,PWELA,F,9,58,0.55,-8.5287671,39.5052384
2017-12-24,Jibondo,WALANI,MCHANGA NYUMA,F,10,57,0.42,-7.9734425,39.7283671
2018-03-10,Jibondo,WALANI,LWALA,M,10,70,1,-7.9734957,39.7280263
2017-12-30,Jibondo,WALANI,MCHANGA NYUMA,M,8.5,55,0.45,-7.9733938,39.7280458
2018-02-28,Somanga,Mbuyuni,MWAMBA MKUU,F,18,117,2.3,-8.3977153,39.2806424
2017-12-18,Somanga,Mbuyuni,Banda ya ndani,F,11,63,0.45,-8.3996546,39.2796079
2018-01-17,Somanga,Mbuyuni,MWAMBA KARUMBI,F,19,133,2.245,-8.7539461,39.4130324
2017-12-27,Bwejuu,Kusini,NYAMALILE,F,19,134,3.92,-6.7412701,39.1636337
2018-01-17,Jibondo,WALANI,MCHANGA NYUMA,F,13,87,1.19,-7.9734177,39.7280679
2018-01-22,Somanga,Mbuyuni,KIJAMBA CHA WEMBE,M,13,81,0.785,-8.3916141,39.2808858
2018-01-05,Jibondo,WALANI,MCHANGA NYUMA,M,9,63,0.37,-7.9733902,39.7280478
2018-01-04,Bwejuu,Kusini,NYAMALILE,M,9,122,1.755,-7.9163194,39.6545582
2018-01-31,Songosongo,PEMBENI,IMBI,F,11,71,1.415,-8.5262477,39.5089154
2017-12-30,Jibondo,WALANI,MCHANGA NYUMA,M,9.5,60.5,0.415,-7.9733938,39.7280458
2017-12-22,Songosongo,Pembeni,IMBI,F,9,45,0.44,-6.8787003,39.2480637
2018-01-16,Somanga,Mbuyuni,PWAYASI,F,16,116,2.8,-8.3916141,39.2808858
2018-01-18,Jibondo,WALANI,KITUTIA,M,9,78.5,0.685,-7.9734177,39.7280679
2018-02-18,Somanga,Mbuyuni,MWAMBA MKUU,M,10,62,0.904,-8.3978381,39.280793
2018-03-11,Jibondo,WALANI,LWALA,M,10,68,0.5,-7.9190966,39.6652922
2018-01-15,Songosongo,MBUYUNI,MACHANGE,F,8,54,0.285,-8.397738,39.2807041
2018-01-31,Songosongo,Pembeni,IMBI,M,13,99,0.335,-8.5262477,39.5089154
2018-02-05,Somanga,Mbuyuni,CHAMBA CHA CHOCHA,M,16,103,1.615,-8.3937698,39.2805336
2017-12-23,Jibondo,WALANI,MCHANGA NYUMA,F,9.5,66,0.405,-7.9189395,39.665261
2018-01-20,Songosongo,Funguni,IMBI,F,13,82,0.85,-8.523331,39.5030188
2018-02-17,Jibondo,WALANI,MCHANGA NYUMA,F,9,69,0.75,-7.9191335,39.6653093
2018-01-20,Jibondo,WALANI,MCHANGA NYUMA,M,10,68,0.76,-7.9733466,39.7279827
2017-12-30,Jibondo,WALANI,MCHANGA NYUMA,F,10,66.5,0.45,-7.9191136,39.6653108
2018-01-02,Jibondo,WALANI,MCHANGA NYUMA,M,11,75,0.63,-7.9733938,39.7280458
2018-01-20,Jibondo,WALANI,MCHANGA NYUMA,M,8,63,0.355,-7.9733466,39.7279827
2018-01-30,Bwejuu,Kusini,NYAMALILE,M,16.5,134,3.075,-7.9158093,39.6542357
2018-02-15,Songosongo,Pembeni,IMBI,F,10,56,0.68,-8.5234331,39.503162
2017-12-18,Somanga,Mbuyuni,WEMBE KUBWA,M,14,95,1.36,-8.3997946,39.2795878
2018-02-12,Somanga,Mbuyuni,CHAMBA CHA SELEMANI,F,16,93,2.165,-8.3978381,39.280793
2018-03-03,Somanga,Mbuyuni,CHAMBA CHA CHOCHA,F,16,92,0.878,-8.3910776,39.2854286
2018-03-12,Jibondo,WALANI,MCHANGA NYUMA,F,11,74,0.5,-7.9473645,39.7076865
2018-03-12,Jibondo,WALANI,MCHANGA NYUMA,F,11,82,0.55,-7.9190966,39.6652922
2018-01-18,Songosongo,FUNGUNI,IMBI,F,11,73,0.745,-8.5129912,39.497275
2017-12-27,Jibondo,WALANI,MCHANGA NYUMA,M,10.5,62,0.65,-6.7416009,39.1629835
2018-03-03,Somanga,Mbuyuni,BANDA,F,14,87,0.891,-8.3913458,39.2831572
2018-01-04,Songosongo,Pembeni,IMBI,F,17,100,1.95,-8.5232028,39.5028723
2017-12-18,Somanga,Mbuyuni,WEMBE KUBWA,F,15,101,1.87,-8.3997946,39.2795878
2018-01-05,Songosongo,Pembeni,MWAMBA WA KATI - SONGO,M,11,63,1.05,-8.5257726,39.5082688
2018-02-12,Jibondo,WALANI,MCHANGA NYUMA,F,11,76,0.25,-7.9741182,39.7294142
2018-01-20,Somanga,Mbuyuni,SELEMANI,M,11,87,0.99,-8.390613333333333,39.27926
2018-03-11,Jibondo,WALANI,LWALA,M,12,86,0.8,-7.9189665,39.6652921
2018-02-03,Bwejuu,Kusini,NYAMALILE,F,11,180,1.08,-7.9158093,39.6542357
2018-02-05,Somanga,Mbuyuni,UKUZA,M,21,108,2.1,-8.3996041,39.2796279
2018-01-17,Songosongo,FUNGUNI,BANYANI,F,11,66,0.495,-8.5129912,39.497275
2018-02-12,Jibondo,WALANI,MCHANGA NYUMA,F,10,88,0.47,-7.9741182,39.7294142
2018-02-03,Songosongo,Pembeni,IMBI,M,17,102,2.715,-8.5303587,39.5092387
2017-12-30,Jibondo,WALANI,MCHANGA NYUMA,F,9.5,65,0.395,-7.9733938,39.7280458
2018-01-16,Somanga,Mbuyuni,CHAMBA CHA CHOCHA,F,15,116,3.501,-8.3926445,39.2815348
2018-01-20,Songosongo,Funguni,IMBI,M,11,105,1.955,-8.523331,39.5030188
2018-03-12,Jibondo,WALANI,MCHANGA NYUMA,M,11,68,0.6,-7.9473645,39.7076865
2017-12-21,Bwejuu,Kusini,KAULE,F,9,67,0.53,-7.916452,39.6589407
2018-01-02,Jibondo,WALANI,MCHANGA NYUMA,M,9,67,0.4,-7.9733938,39.7280458
2018-02-17,Jibondo,WALANI,MCHANGA NYUMA,F,16,112,1.75,-7.9191335,39.6653093
2017-12-27,Jibondo,WALANI,MCHANGA NYUMA,M,7,50,0.19,-6.7417122,39.1662076
2018-02-03,Somanga,Mbuyuni,MWAMBA JAHAZI,M,20,125,2.1,-8.3926445,39.2815348
2018-01-14,Jibondo,WALANI,MCHANGA NYUMA,F,12,90,0.885,-7.9205629,39.6677814
2018-01-16,Songosongo,FUNGUNI,SONGOSONGO,F,11,61,0.51,-8.5260493,39.5082688
2018-01-23,Somanga,Mbuyuni,KARUMBI KUBWA,M,18,122,2.146,-8.3916992,39.2825083
2018-01-19,Jibondo,WALANI,KITUTIA,M,10.5,82.5,0.78,-7.9734177,39.7280679
2018-02-27,Somanga,Mbuyuni,CHAMBA CHA SELEMANI,M,13,68,0.789,-8.3977731,39.2807855
2018-01-05,Songosongo,Pembeni,MWAMBA WA KATI - SONGO,F,16,87,1.74,-8.5257726,39.5082688
2018-02-13,Somanga,Mbuyuni,MZIWAJI,F,10,56,0.5,-8.3978381,39.280793
2018-02-04,Songosongo,Pembeni,IMBI,F,9,64,0.56,-8.5243879,39.5030698
2018-02-28,Bwejuu,Kusini,NYAMALILE,M,11,94,0.8,-7.9160826,39.6542357
2018-01-31,Somanga,Mbuyuni,KIJAMBA CHA WEMBE,M,13,85,0.985,-8.3952889,39.2802368
2018-01-28,Songosongo,Pembeni,IMBI,F,11,79,0.62,-8.5262477,39.5089154
2018-01-19,Jibondo,WALANI,LWALA,M,9,70,0.48,-7.9734177,39.7280679
2018-01-05,Songosongo,Pembeni,MWAMBA WA KATI - SONGO,F,12,71,1.175,-8.5257726,39.5082688
2018-01-16,Somanga,Mbuyuni,CHAMBA CHA SELEMANI,M,11,67,0.59,-8.397738,39.2807041
2017-12-29,Bwejuu,Kusini,NYAMALILE,F,10,91,0.99,-7.9160461,39.6545582
2018-01-16,Somanga,Mbuyuni,MAKATONI,M,13,110,0.88,-8.397738,39.2807041
2018-01-15,Songosongo,FUNGUNI,NYAMAMBI,F,14,88,1.455,-8.5232273,39.5029003
2018-02-18,Jibondo,WALANI,LWALA,F,7.5,48,0.25,-7.9733438,39.7279197
2018-02-15,Songosongo,Pembeni,IMBI,F,15,99,1.99,-8.5253769,39.5030311
2018-01-03,Songosongo,Pembeni,IMBI,M,9,52,0.46,-8.5252273,39.5026941
2017-12-19,Bwejuu,Kusini,NYAMALILE,F,15.5,141,2.81,-7.916452,39.6589407
2018-02-17,Jibondo,WALANI,MCHANGA NYUMA,F,11,81,0.65,-7.9206724,39.666814
2018-01-03,Songosongo,Pembeni,IMBI,F,11,61,0.655,-8.5252273,39.5026941
2018-01-16,Somanga,Mbuyuni,MAKATONI,M,12,92,1.01,-8.397738,39.2807041
2018-01-20,Songosongo,Funguni,IMBI,M,17,108,1.715,-8.523331,39.5030188
2018-02-01,Somanga,Mbuyuni,BANIANI,F,11,67,0.61,-8.3926445,39.2815348
2017-12-21,Songosongo,Pembeni,PWELA,M,14,87,2.115,-8.5257726,39.5082688
2018-03-03,Somanga,Mbuyuni,CHAMBA CHA CHOCHA,F,16,119,1.857,-8.3900089,39.2851041
2018-01-15,Songosongo,FUNGUNI,BANYANI,M,13,83,0.86,-8.5232273,39.5029003
2017-12-30,Jibondo,WALANI,MCHANGA NYUMA,F,10,83,0.685,-7.9733938,39.7280458
2018-01-14,Songosongo,Pembeni,IMBI,M,9,50,0.53,-8.5232831,39.5029609
2018-01-31,Somanga,Mbuyuni,KIJAMBA CHA WEMBE,F,15,86,0.839,-8.3926445,39.2815348
2018-02-03,Bwejuu,Kusini,NYAMALILE,M,11,61,0.945,-7.9158093,39.6542357
2018-01-05,Jibondo,WALANI,LWALA,F,10,65,0.595,-7.9733902,39.7280478
2018-01-23,Somanga,Mbuyuni,MWAMBA MKUU,F,12,108,1.715,-8.3926445,39.2815348
2018-01-01,Jibondo,WALANI,MCHANGA NYUMA,M,10,68,0.415,-7.9212189,39.666814
2018-02-17,Somanga,Mbuyuni,CHAMBA CHA CHOCHA,M,14,92,1.465,-8.3978381,39.280793
2017-12-21,Songosongo,Pembeni,PWELA,F,7,44,0.38,-8.5257726,39.5082688
2018-02-17,Jibondo,WALANI,MCHANGA NYUMA,M,11,89,1.025,-7.9733438,39.7279197
2018-02-18,Jibondo,WALANI,MCHANGA NYUMA,F,9,65,0.3,-7.9191335,39.6653093
2018-02-05,Songosongo,Pembeni,PUPU,F,15,102,2.715,-8.5234063,39.5031224
2018-02-26,Bwejuu,Kusini,NYAMALILE,F,16.5,138,3.3,-7.9160826,39.6542357
2018-01-14,Songosongo,Pembeni,IMBI,F,11,93,0.67,-8.5232831,39.5029609
2018-01-17,Songosongo,FUNGUNI,BANYANI,M,15,103,1.56,-8.5137787,39.4953347
2017-12-27,Bwejuu,Kusini,NYAMALILE,M,19.5,149,3.155,-6.7413759,39.1681849
2018-02-03,Somanga,Mbuyuni,MWAMBA JAHAZI,F,16,83,0.592,-8.3913543,39.2854286
2018-01-31,Somanga,Mbuyuni,BANDA MRIMA,F,17,119,2.1,-8.3911159,39.2851041
2018-01-22,Somanga,Mbuyuni,PWAYASI,M,17,103,2,-8.3916141,39.2808858
2017-12-27,Jibondo,WALANI,MCHANGA NYUMA,F,10,77,0.655,-6.7418302,39.1662344
2018-01-17,Jibondo,WALANI,MCHANGA NYUMA,M,8.5,69,0.45,-7.9734177,39.7280679
2018-02-18,Jibondo,WALANI,LWALA,F,9,56,0.4,-7.9755308,39.7501156
2018-01-17,Jibondo,WALANI,MCHANGA NYUMA,M,12,89,0.92,-7.9734177,39.7280679
2018-02-05,Somanga,Mbuyuni,CHAMBA CHA CHOCHA,M,12,85,1.085,-8.3952889,39.2802368
2017-12-27,Jibondo,WALANI,MCHANGA NYUMA,M,10,66,0.555,-6.7418302,39.1662344
2018-01-14,Jibondo,WALANI,MCHANGA NYUMA,M,10.5,78,0.63,-7.9187966,39.661654
2018-01-07,Songosongo,Pembeni,PUPU,M,17,93,2.055,-8.523117,39.5027721
2018-01-04,Jibondo,WALANI,LWALA,F,9,56,0.33,-7.9733902,39.7280478
2018-01-31,Somanga,Mbuyuni,KIJAMBA CHA WEMBE,M,15,89,0.86,-8.3926445,39.2815348
2018-02-18,Jibondo,WALANI,LWALA,F,9,69,0.5,-7.9733438,39.7279197
2018-02-03,Songosongo,Pembeni,IMBI,M,10,56,0.665,-8.5265244,39.5089154
2018-02-17,Jibondo,WALANI,MCHANGA NYUMA,M,11,89,1.15,-7.9733438,39.7279197
2018-01-17,Somanga,Mbuyuni,CHOCHA,F,11,62,0.9,-8.397738,39.2807041
2018-02-16,Somanga,Mbuyuni,CHAMBA CHA CHOCHA,M,18,80,1.248,-8.3978381,39.280793
2018-03-03,Somanga,Mbuyuni,CHAMBA CHA CHOCHA,M,17,122,1.801,-8.3900089,39.2851041
2018-01-05,Jibondo,WALANI,LWALA,F,16,104,1.66,-7.9733902,39.7280478
2018-02-03,Bwejuu,Kusini,NYAMALILE,F,13,115,1.685,-7.9158093,39.6542357
2018-02-18,Somanga,Mbuyuni,KARUMBI KUBWA,M,22,139,4.018,-8.3978381,39.280793
2018-02-02,Songosongo,Pembeni,IMBI,M,11,60,0.76,-8.5266447,39.5102086
2018-01-16,Songosongo,FUNGUNI,SONGOSONGO,M,16,92,1.445,-8.5260493,39.5082688
2018-02-16,Somanga,Mbuyuni,CHAMBA CHA CHOCHA,M,10,64,0.518,-8.3978381,39.280793
2018-02-18,Jibondo,WALANI,MCHANGA NYUMA,M,10,74.5,0.5,-7.9733438,39.7279197
2018-02-20,Jibondo,WALANI,MCHANGA NYUMA,M,11,71,0.6,-7.9191242,39.6653364
2018-02-18,Jibondo,WALANI,LWALA,F,8,58,0.3,-7.9191335,39.6653093
2018-01-31,Songosongo,Pembeni,IMBI,M,10,64,1.155,-8.5262477,39.5089154
2018-01-03,Songosongo,Pembeni,IMBI,F,9,63,0.78,-8.5232028,39.5028723
2018-01-30,Bwejuu,Kusini,NYAMALILE,F,17,132,3.35,-7.9158093,39.6542357
2018-01-14,Jibondo,WALANI,MCHANGA NYUMA,M,9,78,0.595,-7.9187966,39.661654
2018-01-06,Jibondo,WALANI,MCHANGA NYUMA,F,8,57,0.335,-7.9733902,39.7280478
2018-01-03,Songosongo,Pembeni,IMBI,F,11,67,0.84,-8.5232028,39.5028723
2018-01-30,Bwejuu,Kusini,NYAMALILE,F,13.5,109,1.445,-7.9158093,39.6542357
2018-01-15,Songosongo,FUNGUNI,NYAMAMBI,F,11,75,0.505,-8.5232273,39.5029003
2018-01-16,Songosongo,FUNGUNI,SONGOSONGO,F,10,55,0.52,-8.5266447,39.5102086
2017-12-18,Somanga,Mbuyuni,WEMBE KUBWA,M,10,74,0.61,-8.3989641,39.2795878
2018-01-30,Somanga,Mbuyuni,Banda ya nje,M,20,124,2.855,0,0
2018-01-16,Songosongo,Funguni,NYAMAMBI,M,10,74,0.81,-8.5260493,39.5082688
2018-02-02,Songosongo,Pembeni,IMBI,M,10,55,0.705,-8.5303587,39.5092387
2017-12-21,Songosongo,Pembeni,PWELA,F,8,39,0.315,-8.5257726,39.5082688
2018-03-03,Somanga,Mbuyuni,CHAMBA CHA CHOCHA,F,18,117,1.508,-8.3910776,39.2854286
2018-02-05,Somanga,Mbuyuni,UKUZA,F,13,70,0.689,-8.3952889,39.2802368
2018-01-03,Jibondo,WALANI,LWALA,F,8,57,0.41,-7.9733902,39.7280478
2018-02-04,Somanga,Mbuyuni,MZIWAJI,M,22,125,4.446,-8.3913756,39.2805613
2018-02-14,Somanga,Mbuyuni,CHAMBA CHA CHOCHA,M,12,60,0.565,-8.3978381,39.280793
2018-01-02,Jibondo,WALANI,MCHANGA NYUMA,M,10,65,0.43,-7.9733938,39.7280458
2018-03-03,Somanga,Mbuyuni,CHAMBA CHA CHOCHA,M,13,69,0.791,-8.3910776,39.2854286
2018-01-01,Jibondo,WALANI,MCHANGA NYUMA,F,16,128,1.79,-7.9212189,39.666814
2018-01-07,Songosongo,Pembeni,MWAMBA WA KATI - SONGO,M,17,103,2.03,-8.523117,39.5027721
2018-02-17,Jibondo,WALANI,MCHANGA NYUMA,M,12,80,0.9,-7.9206724,39.666814
2018-01-30,Songosongo,Pembeni,IMBI,M,11,62,0.758,-8.5262477,39.5089154
2018-02-20,Somanga,Mbuyuni,KOROBA,M,15,90,1.056,-8.3977731,39.2807855
2018-01-16,Somanga,Mbuyuni,MACHANGE,F,15,102,1.505,-8.4216475,39.2752449
2018-03-08,Songosongo,Pembeni,PWELA,F,20,128,4.17,-8.5287671,39.5052384
2018-02-12,Jibondo,WALANI,MCHANGA NYUMA,M,12,99,0.95,-7.9746529,39.7333336
2018-01-14,Jibondo,WALANI,MCHANGA NYUMA,M,9,74,0.595,-7.9205629,39.6677814
2018-01-20,Songosongo,Funguni,IMBI,F,11,81,1.03,-8.523331,39.5030188
2018-01-16,Somanga,Mbuyuni,CHAMBA CHA SELEMANI,F,10,80,0.502,-8.397738,39.2807041
2018-02-28,Bwejuu,Kusini,NYAMALILE,M,15,111,1.575,-7.9160826,39.6542357
2018-02-13,Somanga,Mbuyuni,MZIWAJI,M,23,125,3.53,-8.3978381,39.280793
2018-03-02,Somanga,Mbuyuni,MWAMBA MKUU,F,15,102,1.1,-8.3910776,39.2854286
2018-01-15,Jibondo,WALANI,MCHANGA NYUMA,M,9,66,0.465,-7.9734177,39.7280679
2018-01-28,Songosongo,Pembeni,IMBI,F,12,80,0.65,-8.5269214,39.5102086
2017-12-27,Jibondo,WALANI,MCHANGA NYUMA,F,10,56,0.44,-6.7412701,39.1636337
2018-03-03,Somanga,Mbuyuni,CHAMBA CHA CHOCHA,F,14,91,1.1,-8.3910776,39.2854286
2018-03-06,Songosongo,Pembeni,PWELA,F,10,60,0.615,-8.5287671,39.5052384
2018-01-16,Somanga,Mbuyuni,KIJAMBA CHA WEMBE,M,13,62,0.575,-8.397738,39.2807041
2018-02-17,Jibondo,WALANI,MCHANGA NYUMA,M,13,113,1.3,-7.9733438,39.7279197
2018-02-16,Somanga,Mbuyuni,CHAMBA CHA CHOCHA,M,22,138,4,-8.3978381,39.280793
2018-01-15,Somanga,Mbuyuni,BANIANI,F,13,84,0.725,-8.4216475,39.2752449
2018-02-15,Songosongo,Pembeni,IMBI,M,17,99,2.285,-8.5234331,39.503162
2018-01-30,Bwejuu,Kusini,NYAMALILE,F,18,136,3.775,-7.9158093,39.6542357
2018-02-15,Songosongo,PEMBENI,IMBI,F,13,76,1.52,-8.5234331,39.503162
2018-02-01,Somanga,Mbuyuni,KARUMBI KUBWA,F,13,81,0.71,-8.3881779,39.2818593
2018-01-14,Jibondo,WALANI,MCHANGA NYUMA,M,10,78,0.45,0,0
2017-12-31,Bwejuu,Kusini,NYAMALILE,M,9,73,0.72,-7.9163194,39.6545582
2018-02-17,Somanga,Mbuyuni,CHAMBA CHA CHOCHA,F,19,101,2.156,-8.3978381,39.280793
2018-02-12,Somanga,Mbuyuni,CHAMBA CHA SELEMANI,F,15,80,1.275,-8.3978381,39.280793
2018-01-17,Jibondo,WALANI,MCHANGA NYUMA,F,11,75,0.685,-7.9734177,39.7280679
2018-02-17,Jibondo,WALANI,MCHANGA NYUMA,M,12,72,0.85,-7.9206724,39.666814
2018-01-01,Jibondo,WALANI,MCHANGA NYUMA,F,11,75.5,0.62,-7.9184868,39.6619765
2018-02-04,Songosongo,Pembeni,IMBI,M,10,52,0.51,-8.5234117,39.5031302
2017-12-31,Bwejuu,Kusini,NYAMALILE,M,8,71,0.65,-7.9163194,39.6545582
2018-01-23,Somanga,Mbuyuni,MWAMBA MKUU,F,11,102,0.998,-8.3916992,39.2825083
2017-12-21,Songosongo,Pembeni,PWELA,F,10,67,0.775,-8.5266838,39.5098853
2018-01-20,Jibondo,WALANI,MCHANGA NYUMA,F,11,82,1.06,-7.9733466,39.7279827
2018-02-12,Somanga,Mbuyuni,CHAMBA CHA MACHANGE,F,14,100,1.101,-8.3978381,39.280793
2018-02-28,Bwejuu,Kusini,NYAMALILE,F,12,88,1.12,-7.9160826,39.6542357
2018-01-16,Jibondo,WALANI,MCHANGA NYUMA,M,10,66,0.545,-7.9734177,39.7280679
2018-02-16,Somanga,Mbuyuni,CHAMBA CHA CHOCHA,M,24,143,5.143,-8.3978381,39.280793
2018-01-15,Jibondo,WALANI,MCHANGA NYUMA,M,11,87,0.73,-7.9734177,39.7280679
2018-01-28,Songosongo,Pembeni,IMBI,M,9,79,0.6,-8.5262477,39.5089154
2018-02-05,Songosongo,Pembeni,PUPU,F,19,100,1.63,-8.5234063,39.5031224
2018-01-30,Bwejuu,Kusini,NYAMALILE,F,16,125,2.35,-7.9158093,39.6542357
2018-03-11,Jibondo,WALANI,LWALA,M,8,56,0.25,-7.9189665,39.6652921
2018-02-12,Somanga,Mbuyuni,CHAMBA CHA MACHANGE,F,12,68,0.88,-8.3978381,39.280793
2018-02-12,Somanga,Mbuyuni,CHAMBA CHA MACHANGE,M,13,80,0.865,-8.3978381,39.280793
2018-02-02,Songosongo,Pembeni,IMBI,M,19,85,3.915,-8.5243846,39.5030585
2018-01-07,Songosongo,Pembeni,PUPU,M,12,86,1.088,-8.523117,39.5027721
2018-01-03,Songosongo,Pembeni,IMBI,F,12,76,1.115,-8.5232028,39.5028723
2018-02-01,Songosongo,Pembeni,IMBI,M,9,79,0.625,-8.5266447,39.5102086
2018-01-03,Songosongo,Pembeni,IMBI,M,15,104,2.77,-8.5232028,39.5028723
2018-02-12,Somanga,Mbuyuni,CHAMBA CHA SELEMANI,M,13,78,0.91,-8.3978381,39.280793
2017-12-18,Somanga,Mbuyuni,Banda ya ndani,M,11,70.5,0.775,-8.3996546,39.2796079
2018-01-17,Somanga,Mbuyuni,MZIWAJI,F,13,81,5.1,-8.397738,39.2807041
2018-01-31,Somanga,Mbuyuni,KIJAMBA CHA WEMBE,M,13,76,0.741,-8.3926445,39.2815348
2018-01-16,Bwejuu,Kusini,NYAMALILE,M,12,121,2.55,-7.9158093,39.6542357
2018-01-18,Songosongo,FUNGUNI,IMBI,F,11,87,0.85,-8.5137787,39.4953347
2018-02-02,Somanga,Mbuyuni,CHAMBA CHA CHOCHA,M,15,94,1.02,-8.3926445,39.2815348
2018-02-20,Somanga,Mbuyuni,KOROBA,F,10,50,0.55,-8.3977731,39.2807855
2018-01-19,Jibondo,WALANI,KITUTIA,M,11,93,0.83,-7.9734177,39.7280679
2018-02-17,Jibondo,WALANI,MCHANGA NYUMA,M,9,68,0.375,-7.9206724,39.666814
2018-02-18,Jibondo,WALANI,LWALA,M,10,78,0.5,-7.9733438,39.7279197
2018-02-18,Jibondo,WALANI,LWALA,M,15,100,2,-7.9733438,39.7279197
2018-01-16,Somanga,Mbuyuni,CHAMBA CHA SELEMANI,F,15,103,1.36,-8.397738,39.2807041
2018-02-27,Somanga,Mbuyuni,CHAMBA CHA SELEMANI,M,12,68,0.67,-8.3977731,39.2807855
2017-12-22,Songosongo,Pembeni,IMBI,F,9,58,0.73,-6.8697843,39.2545519
2018-01-19,Jibondo,WALANI,LWALA,F,12,75,0.625,-7.9734177,39.7280679
2018-01-20,Songosongo,Funguni,IMBI,M,14,105,2.365,-8.523331,39.5030188
2018-01-15,Jibondo,WALANI,MCHANGA NYUMA,F,11,76,0.56,-7.9734177,39.7280679
2017-12-27,Jibondo,WALANI,MCHANGA NYUMA,M,9,70,0.515,-6.7418302,39.1662344
2018-01-20,Songosongo,Funguni,BANYANI,F,12,80,0.68,-8.5262868,39.5085921
2018-02-20,Somanga,Mbuyuni,MZIWAJI,F,18,11,1.99,-8.3751234,39.2737873
2018-01-30,Somanga,Mbuyuni,BANDA MRIMA,F,12,90,1.21,-8.3914225,39.2825083
2018-03-10,Jibondo,WALANI,LWALA,M,10,77,0.5,-7.9189665,39.6652921
2017-12-23,Jibondo,WALANI,MCHANGA NYUMA,F,11,73,0.655,-7.9734425,39.7283671
2018-02-27,Somanga,Mbuyuni,MWAMBA MKUU,F,14,77,1.007,-8.3977032,39.2806454
2018-01-17,Jibondo,WALANI,MCHANGA NYUMA,F,13,94.5,1.145,-7.9734177,39.7280679
2017-12-22,Songosongo,Pembeni,IMBI,F,9,55,0.46,-8.9042266,39.5065751
2018-01-16,Somanga,Mbuyuni,KIJAMBA CHA WEMBE,F,16,122,2.865,-8.397738,39.2807041
2018-01-15,Somanga,Mbuyuni,BANIANI,F,18,133,2.19,-8.4216475,39.2752449
2018-02-20,Jibondo,WALANI,MCHANGA NYUMA,F,11.5,75,0.5,-7.9191242,39.6653364
2018-02-02,Songosongo,Pembeni,IMBI,M,15,88,1.85,-8.5288861,39.5049326
2018-02-17,Jibondo,WALANI,MCHANGA NYUMA,M,10,70.5,0.55,-7.9733438,39.7279197
2018-02-17,Jibondo,WALANI,MCHANGA NYUMA,F,12,90,0.745,-7.9206724,39.666814
2018-02-03,Bwejuu,Kusini,NYAMALILE,M,16.5,149,4.6,-7.9158093,39.6542357
2018-01-15,Songosongo,MBUYUNI,MACHANGE,F,13,77,0.535,-8.397738,39.2807041
2018-01-03,Songosongo,Pembeni,IMBI,M,9,49,0.505,-8.5252273,39.5026941
2018-02-12,Somanga,Mbuyuni,CHAMBA CHA MACHANGE,M,10,66,0.765,-8.3978381,39.280793
2018-01-19,Jibondo,WALANI,KITUTIA,M,13.5,108,2.215,-7.9734177,39.7280679
2018-01-17,Songosongo,FUNGUNI,NYAMAMBI,M,19,105,3.71,-8.5129912,39.497275
2018-01-15,Jibondo,WALANI,MCHANGA NYUMA,F,12.5,79,0.87,-7.9734177,39.7280679
2018-01-30,Somanga,Mbuyuni,MWAMBA MKUU,M,10,66,0.595,0,0
2018-02-03,Bwejuu,Kusini,NYAMALILE,M,9,57,0.59,-7.9158093,39.6542357
2017-12-27,Bwejuu,Kusini,NYAMALILE,M,18.5,124,3.565,-6.7412701,39.1636337
2018-02-14,Somanga,Mbuyuni,CHAMBA CHA SELEMANI,M,16,99,0.52,-8.3978381,39.280793
2018-02-15,Songosongo,Pembeni,IMBI,F,13,80,1.625,-8.5234331,39.503162
2018-03-03,Somanga,Mbuyuni,CHAMBA CHA CHOCHA,F,12,70,0.732,-8.3913458,39.2831572
2018-02-17,Jibondo,WALANI,MCHANGA NYUMA,F,13,103,1.25,-7.9191335,39.6653093
2018-02-17,Jibondo,WALANI,MCHANGA NYUMA,F,10.5,79,0.85,-7.9733438,39.7279197
2018-01-18,Songosongo,FUNGUNI,IMBI,M,10,77,0.84,-8.5137787,39.4953347
2018-01-17,Somanga,Mbuyuni,MZIWAJI,F,15,76,0.765,-8.397738,39.2807041
2018-01-18,Jibondo,WALANI,KITUTIA,M,11,98,1.025,-7.9734177,39.7280679
2018-01-03,Jibondo,WALANI,LWALA,M,14,98,1.065,-7.9733902,39.7280478
2017-12-19,Bwejuu,Kusini,Vijambani,M,9.5,60,0.555,-7.9172264,39.6585774
2017-12-18,Somanga,Mbuyuni,MAKATONI,M,19,120,4.24,-8.3997946,39.2795878
2018-01-04,Songosongo,Pembeni,IMBI,F,11,61,0.66,-8.5232028,39.5028723
2018-01-16,Somanga,Mbuyuni,CHOCHA,F,12,75,0.625,-8.3883685,39.2807751
2018-01-16,Songosongo,FUNGUNI,BANYANI,F,16,140,1.65,-8.5266447,39.5102086
2018-03-01,Somanga,Mbuyuni,CHAMBA CHA SELEMANI,F,15,79,1.291,0,0
2017-12-21,Bwejuu,Kusini,KAULE,M,8,61,0.41,-7.916452,39.6589407
2018-01-18,Songosongo,FUNGUNI,IMBI,F,16,103,1.08,-8.5137787,39.4953347
2018-02-26,Bwejuu,Kusini,NYAMALILE,F,7,60,0.645,-7.9160826,39.6542357
2018-01-16,Somanga,Mbuyuni,MAKATONI,F,13,96,0.935,-8.397738,39.2807041
2018-01-05,Jibondo,WALANI,LWALA,F,9,61,0.335,-7.9733902,39.7280478
2018-03-10,Jibondo,WALANI,MCHANGA NYUMA,F,10,67,0.5,-7.9756325,39.7500807
2018-01-31,Songosongo,PEMBENI,IMBI,F,9,92,1.08,-8.5233808,39.503087
2017-12-29,Bwejuu,Kusini,NYAMALILE,F,14,130,2.95,-7.9164263,39.6588929
2018-01-17,Somanga,Mbuyuni,MZIWAJI,M,10,59,0.9,-8.397738,39.2807041
2018-02-05,Somanga,Mbuyuni,CHAMBA CHA CHOCHA,M,20,119,3.295,-8.3952889,39.2802368
2017-12-23,Songosongo,Pembeni,NJOVI,F,16,111,1.86,-8.5257726,39.5082688
2018-01-30,Songosongo,Pembeni,IMBI,F,16,115,2.534,-8.5262477,39.5089154
2018-01-20,Songosongo,Funguni,IMBI,F,12,105,1.665,-8.523331,39.5030188
2018-02-02,Somanga,Mbuyuni,CHAMBA CHA CHOCHA,M,16,92,1.455,-8.3913841,39.2828327
2018-03-06,Songosongo,Pembeni,PWELA,F,11,70,0.985,-8.5287671,39.5052384
2018-03-01,Somanga,Mbuyuni,BANDA,M,11,65,0.575,0,0
2018-02-03,Bwejuu,Kusini,NYAMALILE,F,16,124,2.89,-7.9158093,39.6542357
2018-01-07,Songosongo,Pembeni,MWAMBA WA KATI - SONGO,F,15,97,2.07,-8.5282505,39.4992152
2017-12-19,Bwejuu,Kusini,NYAMALILE,M,13,102,2.015,-7.9172264,39.6585774
2018-02-28,Bwejuu,Kusini,NYAMALILE,F,10,84,1,-7.9160826,39.6542357
2018-01-07,Songosongo,Pembeni,MWAMBA WA KATI - SONGO,F,9,53,0.705,-8.5282505,39.4992152
2018-01-18,Songosongo,Funguni,IMBI,F,18,105,1.88,-8.5137787,39.4953347
2018-01-17,Somanga,Mbuyuni,MWAMBA KARUMBI,M,17,115,1.775,-8.7539461,39.4130324
2018-03-12,Jibondo,WALANI,MCHANGA NYUMA,M,8,55,0.25,-7.9190966,39.6652922
2018-02-17,Jibondo,WALANI,MCHANGA NYUMA,F,11,80,0.55,-7.9733438,39.7279197
2018-01-04,Jibondo,WALANI,LWALA,M,13,79,1.5,-7.9733902,39.7280478
2017-12-21,Songosongo,Pembeni,PWELA,F,12,81,0.73,-8.5266838,39.5098853
2018-01-17,Jibondo,WALANI,MCHANGA NYUMA,F,11.5,87,0.875,-7.9734177,39.7280679
2018-02-13,Somanga,Mbuyuni,MZIWAJI,M,24,126,3.53,-8.3978381,39.280793
2018-03-06,Songosongo,Pembeni,PWELA,F,9,51,0.675,-8.5287671,39.5052384
2018-02-04,Songosongo,Pembeni,IMBI,F,12,71,0.775,-8.5234117,39.5031302
2018-03-04,Somanga,Mbuyuni,CHAMBA CHA SELEMANI,M,22,119,2.572,-8.3880438,39.2814612
2018-01-15,Songosongo,FUNGUNI,NYAMAMBI,F,12,76,0.995,-8.5232273,39.5029003
2018-02-18,Jibondo,WALANI,LWALA,M,11,78,1,-7.9191335,39.6653093
2018-01-16,Somanga,Mbuyuni,CHOCHA,M,17,115,1.755,-8.3883685,39.2807751
2018-02-12,Somanga,Mbuyuni,CHAMBA CHA MACHANGE,F,13,76,0.73,-8.3978381,39.280793
2018-02-15,Somanga,Mbuyuni,UNIDENTIFIED - KILWA,F,14,90,1,-8.3978381,39.280793
2018-02-01,Songosongo,Pembeni,IMBI,M,12,85,0.865,-8.5262477,39.5089154
2018-01-07,Songosongo,Pembeni,IMBI,M,13,100,2.135,-8.526368,39.5102086
2018-01-14,Jibondo,WALANI,MCHANGA NYUMA,F,11,83,0.64,-7.9187966,39.661654
2018-03-01,Somanga,Mbuyuni,BANDA,F,13,73,0.83,0,0
2018-01-15,Songosongo,MBUYUNI,MACHANGE,F,10,58,0.055,-8.397738,39.2807041
2018-02-05,Somanga,Mbuyuni,CHAMBA CHA CHOCHA,F,20,128,3.295,-8.3881639,39.2819635
2017-12-29,Bwejuu,Kusini,NYAMALILE,F,11,96,1.165,-7.9141966,39.6613141
2018-01-17,Somanga,Mbuyuni,CHOCHA,F,14,94,1.9,-8.397738,39.2807041
2018-02-11,Jibondo,WALANI,MCHANGA NYUMA,F,9.5,66,0.45,-7.9741512,39.7295034
2018-01-03,Jibondo,WALANI,LWALA,M,9,67,0.39,-7.9733902,39.7280478
2018-02-15,Somanga,Mbuyuni,UNIDENTIFIED - KILWA,F,17,111,1.901,-8.3978381,39.280793
2018-02-28,Bwejuu,Kusini,NYAMALILE,F,11,87,0.7,-7.9160826,39.6542357
2018-03-02,Somanga,Mbuyuni,MWAMBA MKUU,M,13,68,0.75,-8.3910776,39.2854286
2017-12-18,Somanga,Mbuyuni,MAKATONI,F,10,70,0.645,-8.3997946,39.2795878
2018-01-04,Songosongo,Pembeni,IMBI,M,8,54,0.405,-8.5232028,39.5028723
2018-02-26,Bwejuu,Kusini,NYAMALILE,F,12,80,1.02,-7.9160826,39.6542357
2018-01-30,Bwejuu,Kusini,NYAMALILE,F,15,106,1.52,-7.9158093,39.6542357
2018-02-17,Jibondo,WALANI,MCHANGA NYUMA,M,9,86,0.51,-7.9190075,39.6653273
2018-03-10,Jibondo,WALANI,MCHANGA NYUMA,M,9,68,0.4,-7.9190966,39.6652922
2018-01-03,Jibondo,WALANI,LWALA,F,10,82,0.625,-7.9733902,39.7280478
2018-01-20,Songosongo,Funguni,IMBI,M,9,78,0.815,-8.523331,39.5030188
2018-02-05,Songosongo,Pembeni,PUPU,M,13,87,1.215,-8.5253640999999991,39.5030094
2018-02-17,Jibondo,WALANI,MCHANGA NYUMA,F,11,72,0.6,-7.9733438,39.7279197
2018-01-15,Songosongo,FUNGUNI,NYAMAMBI,M,11,70,0.445,-8.5232273,39.5029003
2018-01-17,Jibondo,WALANI,MCHANGA NYUMA,F,11,73,0.815,-7.9734177,39.7280679
2018-01-21,Bwejuu,Kusini,NYAMALILE,M,13,95,1.505,-7.9194154,39.6658465
2018-02-18,Somanga,Mbuyuni,KARUMBI KUBWA,F,10,59,0.5,-8.3978381,39.280793
2018-02-26,Bwejuu,Kusini,NYAMALILE,M,11,79,0.9,-7.9160826,39.6542357
2018-01-14,Songosongo,Pembeni,IMBI,F,17,110,1.695,-8.5252603,39.5027571
2018-01-16,Somanga,Mbuyuni,MAKATONI,F,17,116,1.975,-8.397738,39.2807041
2018-02-20,Somanga,Mbuyuni,KOROBA,F,13,70,0.99,-8.3977731,39.2807855
2018-02-28,Bwejuu,Kusini,NYAMALILE,F,16,152,3.6,-7.9160826,39.6542357
2018-01-20,Jibondo,WALANI,MCHANGA NYUMA,F,7,57,0.375,-7.9733466,39.7279827
2018-01-05,Songosongo,Pembeni,MWAMBA WA KATI - SONGO,F,15,85,2.115,-8.5257726,39.5082688
2018-01-07,Songosongo,Pembeni,PUPU,F,12,76,0.87,-8.5253303,39.5027721
2018-02-02,Songosongo,Pembeni,IMBI,M,13,87,1.075,-8.5265244,39.5089154
2018-01-19,Jibondo,WALANI,KITUTIA,F,10,76,0.64,-7.9734177,39.7280679
2018-02-02,Songosongo,Pembeni,IMBI,M,16,87,1.65,-8.5303587,39.5092387
2018-01-15,Songosongo,FUNGUNI,BANYANI,M,16,82,1.675,-8.5232273,39.5029003
2018-01-07,Songosongo,Pembeni,IMBI,F,23,117,4.11,-8.5253303,39.5027721
2018-01-16,Somanga,Mbuyuni,CHOCHA,F,11,74,0.565,-8.3883685,39.2807751
2018-01-16,Songosongo,FUNGUNI,NYAMAMBI,F,10,69,0.615,-8.5260493,39.5082688
2018-02-05,Songosongo,Pembeni,PUPU,M,13,88,1.3,-8.5234063,39.5031224
2018-01-21,Bwejuu,Kusini,NYAMALILE,M,10,72,0.615,-7.9194154,39.6658465
2017-12-19,Bwejuu,Kusini,NYAMALILE,F,10.5,73,0.615,-7.916452,39.6589407
2017-12-27,Bwejuu,Kusini,NYAMALILE,M,16,100,2.295,-6.7412701,39.1636337
2018-02-12,Jibondo,WALANI,MCHANGA NYUMA,M,18,128,3.015,-7.9746529,39.7333336
2018-02-03,Bwejuu,Kusini,NYAMALILE,F,13,73,1.675,-7.9158093,39.6542357
2018-01-16,Somanga,Mbuyuni,CHAMBA CHA CHOCHA,F,11,68,0.56,-8.3926445,39.2815348
2018-01-14,Songosongo,Pembeni,IMBI,F,12,99,1.135,-8.5252603,39.5027571
2018-03-07,Songosongo,Pembeni,PWELA,M,13,63,0.75,-8.5287671,39.5052384
2018-01-09,Songosongo,Pembeni,IMBI,F,8,55,0.78,-8.528925,39.5047433
2018-01-01,Jibondo,WALANI,MCHANGA NYUMA,M,10,73,0.43,-7.9733938,39.7280458
2018-01-03,Jibondo,WALANI,LWALA,F,9,56,0.43,-7.9733902,39.7280478
2018-01-30,Songosongo,Pembeni,IMBI,M,11,67,0.684,-8.5262477,39.5089154
2018-03-10,Jibondo,WALANI,MCHANGA NYUMA,M,11,66,0.6,-7.9756325,39.7500807
2018-01-05,Songosongo,Pembeni,MWAMBA WA KATI - SONGO,F,14,99,2.635,-8.5257726,39.5082688
2018-02-04,Somanga,Mbuyuni,MZIWAJI,M,19,110,2.12,-8.3881779,39.2818593
2018-01-16,Songosongo,FUNGUNI,SONGOSONGO,M,16,99,1.29,-8.5260493,39.5082688
2017-12-24,Jibondo,WALANI,MCHANGA NYUMA,F,10.5,73,0.845,-7.9734425,39.7283671
2018-01-22,Somanga,Mbuyuni,PWAYASI,F,19,124,2.001,-8.3916141,39.2808858
2018-01-30,Songosongo,Pembeni,IMBI,M,13,65,0.755,-8.5269214,39.5102086
2018-01-06,Jibondo,WALANI,MCHANGA NYUMA,F,11,62,0.615,-7.9212189,39.666814
2018-03-12,Jibondo,WALANI,MCHANGA NYUMA,F,9,66,0.5,-7.9190966,39.6652922
2018-01-07,Songosongo,Pembeni,IMBI,F,13,99,1.43,-8.526368,39.5102086
2018-01-16,Jibondo,WALANI,MCHANGA NYUMA,M,12,80,0.755,-7.9734177,39.7280679
2017-12-22,Songosongo,Pembeni,IMBI,M,14.5,108,2.055,-6.870244,39.2246155
2018-01-07,Songosongo,Pembeni,MWAMBA WA KATI - SONGO,F,11,74,0.695,-8.5260493,39.5082688
2018-01-16,Somanga,Mbuyuni,MACHANGE,M,13,90,1.1,-8.4216475,39.2752449
2018-01-04,Songosongo,Pembeni,IMBI,F,12,87,0.985,-8.5232028,39.5028723
2018-01-23,Somanga,Mbuyuni,KARUMBI KUBWA,M,16,124,2.001,-8.3916141,39.2808858
2018-01-31,Somanga,Mbuyuni,BANDA MRIMA,M,14,97,1.05,-8.3911159,39.2851041
2018-01-03,Songosongo,Pembeni,IMBI,F,10,59,0.72,-8.5232028,39.5028723
2018-01-04,Jibondo,WALANI,LWALA,M,11,85,0.875,-7.9733902,39.7280478
2018-02-05,Somanga,Mbuyuni,CHAMBA CHA CHOCHA,M,20,128,3.295,-8.3937698,39.2805336
2018-01-16,Somanga,Mbuyuni,CHAMBA CHA CHOCHA,F,14,108,2.12,-8.3926445,39.2815348
2018-02-20,Somanga,Mbuyuni,KOROBA,M,20,110,1.12,-8.3977731,39.2807855
2018-02-17,Jibondo,WALANI,MCHANGA NYUMA,F,12,92,1.015,-7.9733438,39.7279197
2017-12-19,Bwejuu,Kusini,NYAMALILE,F,13,104,1.756,-7.916452,39.6589407
2018-02-17,Somanga,Mbuyuni,KARUMBI KUBWA,M,15,102,1.43,-8.3978381,39.280793
2018-01-05,Songosongo,Pembeni,IMBI,M,20,109,2.77,0,0
2018-01-03,Songosongo,Pembeni,IMBI,M,11,84,1.35,-8.5232028,39.5028723
2018-01-05,Jibondo,WALANI,LWALA,M,14,91,1.075,-7.9733902,39.7280478
2018-01-07,Songosongo,Pembeni,MWAMBA WA KATI - SONGO,M,17,111,2.76,-8.523117,39.5027721
2017-12-22,Songosongo,Pembeni,IMBI,F,11,76,1.136,-6.8697843,39.2545519
2017-12-19,Bwejuu,Kusini,NYAMALILE,M,15.5,110,2.65,-7.916452,39.6589407
2018-02-02,Songosongo,Pembeni,IMBI,F,11,60,0.545,-8.5265244,39.5089154
2017-12-31,Bwejuu,Kusini,NYAMALILE,M,12,115,1.79,-7.9163194,39.6545582
2018-02-12,Somanga,Mbuyuni,CHAMBA CHA SELEMANI,M,12,72,0.685,-8.3978381,39.280793
2018-03-01,Somanga,Mbuyuni,BANDA,M,18,110,1.705,-8.3977032,39.2806454
2018-01-16,Songosongo,FUNGUNI,NYAMAMBI,M,18,102,2.905,-8.5260493,39.5082688
2018-01-19,Jibondo,WALANI,KITUTIA,F,7.5,61,0.395,-7.9734177,39.7280679
2018-02-02,Somanga,Mbuyuni,MCHANGA MUOVU,M,19,144,2.895,-8.3913841,39.2828327
2018-02-03,Somanga,Mbuyuni,MWAMBA JAHAZI,M,20,128,2.171,-8.3926445,39.2815348
2018-01-03,Songosongo,Pembeni,IMBI,F,10,62,0.74,-8.5232028,39.5028723
2018-03-05,Somanga,Mbuyuni,MZIWAJI,M,17,95,1.539,-8.3903068,39.2802368
2018-01-14,Songosongo,Pembeni,IMBI,F,10,57,0.595,-8.5232831,39.5029609
2018-01-17,Jibondo,WALANI,MCHANGA NYUMA,F,11,65,0.705,-7.9734177,39.7280679
2018-02-16,Somanga,Mbuyuni,CHAMBA CHA CHOCHA,F,12,70,0.713,-8.3978381,39.280793
2018-01-21,Bwejuu,Kusini,NYAMALILE,M,14.5,122,2.14,-7.9194154,39.6658465
2018-02-03,Bwejuu,Kusini,NYAMALILE,M,10,60,0.69,-7.9158093,39.6542357
2018-01-20,Songosongo,Funguni,IMBI,F,18,97,1.53,-8.523331,39.5030188
2018-02-14,Somanga,Mbuyuni,CHAMBA CHA CHOCHA,M,17,110,1.9,-8.3978381,39.280793
2018-01-15,Jibondo,WALANI,MCHANGA NYUMA,F,11,83,0.69,-7.9734177,39.7280679
2018-01-17,Somanga,Mbuyuni,CHOCHA,F,16,83,1.2,-8.397738,39.2807041
2018-02-26,Bwejuu,Kusini,NYAMALILE,M,10,113,1.445,-7.9160826,39.6542357
2018-02-02,Songosongo,Pembeni,IMBI,M,18,96,3.18,-8.5288861,39.5049326
2018-01-03,Jibondo,WALANI,LWALA,F,8,54,0.405,-7.9733902,39.7280478
2017-12-18,Somanga,Mbuyuni,WEMBE KUBWA,F,14,96,1.3,-8.3989641,39.2795878
2018-02-03,Bwejuu,Kusini,NYAMALILE,M,10,67,0.725,-7.9158093,39.6542357
2018-01-30,Bwejuu,Kusini,NYAMALILE,F,12,77,0.705,-7.9158093,39.6542357
2018-01-20,Songosongo,Funguni,IMBI,F,10,97,1.31,-8.523331,39.5030188
2018-02-17,Jibondo,WALANI,MCHANGA NYUMA,M,9,78,0.595,-7.9190075,39.6653273
2018-01-07,Songosongo,Pembeni,MWAMBA WA KATI - SONGO,F,10,67,0.595,-8.5282505,39.4992152
2018-01-16,Somanga,Mbuyuni,MAKATONI,M,16,111,1.44,-8.397738,39.2807041
2018-03-05,Somanga,Mbuyuni,MZIWAJI,M,16,100,1.222,-8.3903068,39.2802368
2018-01-04,Bwejuu,Kusini,NYAMALILE,F,9,98,1.025,-7.9163194,39.6545582
2017-12-27,Bwejuu,Kusini,NYAMALILE,M,9,53,0.565,-6.7412701,39.1636337
2018-03-05,Somanga,Mbuyuni,MZIWAJI,M,12,67,0.95,-8.3879394,39.2815348
2018-03-01,Somanga,Mbuyuni,BANDA,M,16,87,1.531,-8.3977032,39.2806454
2018-01-31,Songosongo,Pembeni,IMBI,F,10,64,0.9,-8.5262477,39.5089154
2018-02-05,Somanga,Mbuyuni,CHAMBA CHA CHOCHA,M,21,120,3.51,-8.3952889,39.2802368
2017-12-30,Jibondo,WALANI,MCHANGA NYUMA,F,9,62,0.3,-7.9733938,39.7280458
2018-03-10,Jibondo,WALANI,LWALA,M,9,61,0.5,-7.9189665,39.6652921
2018-03-05,Somanga,Mbuyuni,MZIWAJI,M,13,78,0.845,-8.3903068,39.2802368
2018-03-06,Songosongo,Pembeni,PWELA,F,17,99,1.18,-8.5287671,39.5052384
2018-01-19,Jibondo,WALANI,LWALA,F,11,80,0.795,-7.9190224,39.6653336
2017-12-21,Bwejuu,Kusini,KAULE,F,7,44,0.202,-7.916452,39.6589407
2018-02-28,Somanga,Mbuyuni,CHAMBA CHA CHOCHA,F,13,76,0.57,-8.3977153,39.2806424
2017-12-21,Bwejuu,Kusini,KAULE,F,8,70,0.51,-7.9141756,39.6613942
2018-03-02,Somanga,Mbuyuni,CHAMBA CHA SELEMANI,F,16,93,1.035,-8.3913458,39.2831572
2018-02-16,Somanga,Mbuyuni,CHAMBA CHA CHOCHA,M,10,63,0.601,-8.3978381,39.280793
2018-01-05,Songosongo,Pembeni,MWAMBA WA KATI - SONGO,M,12,78,2.28,-8.5257726,39.5082688
2018-01-20,Songosongo,Funguni,IMBI,F,12,100,1.67,-8.523331,39.5030188
2018-01-07,Songosongo,Pembeni,PUPU,M,10,69,0.685,-8.523117,39.5027721
2018-01-16,Songosongo,FUNGUNI,SONGOSONGO,F,10,74,0.61,-8.5266447,39.5102086
2018-02-28,Somanga,Mbuyuni,MWAMBA MKUU,F,13,81,0.831,-8.3977153,39.2806424
2018-01-17,Songosongo,FUNGUNI,BANYANI,M,11,72,0.49,-8.5129912,39.497275
2018-01-28,Songosongo,Pembeni,IMBI,M,12,87,0.79,-8.5269214,39.5102086
2018-02-12,Somanga,Mbuyuni,CHAMBA CHA MACHANGE,M,16,102,2.045,0,0
2018-01-16,Jibondo,WALANI,MCHANGA NYUMA,F,8.5,62,0.52,-7.9734177,39.7280679
2018-02-17,Jibondo,WALANI,MCHANGA NYUMA,F,10,63,0.4,-7.9190075,39.6653273
2018-01-18,Songosongo,MBUYUNI,BANIANI,M,18,140,2.222,-8.3899917,39.2805613
2018-01-30,Songosongo,Pembeni,IMBI,M,15,96,1.022,-8.5262477,39.5089154
2018-02-18,Jibondo,WALANI,LWALA,M,14,109,1,-7.9733438,39.7279197
2018-01-15,Jibondo,WALANI,MCHANGA NYUMA,F,9,67,0.43,-7.9187966,39.661654
2018-01-22,Somanga,Mbuyuni,PWAYASI,M,14,76,0.62,-8.3879011,39.2818593
2018-03-10,Jibondo,WALANI,MCHANGA NYUMA,M,8,59,0.25,-7.9190966,39.6652922
2018-01-07,Songosongo,Pembeni,PUPU,F,14,86,1.755,-8.526368,39.5102086
2018-02-02,Songosongo,Pembeni,IMBI,F,15,77,2.515,-8.5315075,39.5111785
2018-01-18,Songosongo,MBUYUNI,BANIANI,M,10,62,0.415,-8.3916141,39.2808858
2018-01-17,Songosongo,FUNGUNI,BANYANI,F,19,121,3.04,-8.5129912,39.497275
2018-01-15,Somanga,Mbuyuni,BANIANI,F,9,61,0.205,-8.4216475,39.2752449
2018-02-11,Jibondo,WALANI,MCHANGA NYUMA,M,9,65,0.47,-7.9746529,39.7333336
2018-01-17,Somanga,Mbuyuni,CHOCHA,M,15,95,2.403,-8.397738,39.2807041
2018-01-16,Songosongo,FUNGUNI,SONGOSONGO,F,15,95,1.38,-8.5260493,39.5082688
2018-01-05,Jibondo,WALANI,LWALA,F,16,110,1.47,-7.9733902,39.7280478
2018-01-01,Songosongo,Pembeni,IMBI,F,17,113,2.565,0,0
2018-02-05,Somanga,Mbuyuni,UKUZA,M,15,85,1.614,-8.3879356,39.2814392
2018-01-17,Jibondo,WALANI,MCHANGA NYUMA,F,11.5,82,0.895,-7.9734177,39.7280679
2018-01-19,Jibondo,WALANI,LWALA,M,9,70,0.55,-7.9734177,39.7280679
2018-01-20,Songosongo,Funguni,IMBI,F,9,76,0.53,-8.523331,39.5030188
2018-01-17,Jibondo,WALANI,MCHANGA NYUMA,M,11,84,0.785,-7.9734177,39.7280679
2018-01-20,Songosongo,Funguni,IMBI,F,9,85,0.755,-8.523331,39.5030188
2018-02-02,Somanga,Mbuyuni,MCHANGA MUOVU,M,13,66,1.134,-8.3926445,39.2815348
2017-12-18,Somanga,Mbuyuni,Banda ya ndani,F,13,95.5,1.075,-8.3997946,39.2795878
2018-01-16,Somanga,Mbuyuni,CHOCHA,F,19,115,1.485,-8.4216475,39.2752449
2017-12-22,Jibondo,WALANI,MCHANGA NYUMA,M,14,109,1.925,-7.9742039,39.7273686
2018-01-06,Jibondo,WALANI,MCHANGA NYUMA,F,11,75,0.605,-7.9212189,39.666814
2018-01-15,Songosongo,Pembeni,NYAMAMBI,F,11,70,0.61,-8.5232273,39.5029003
2018-03-02,Somanga,Mbuyuni,CHAMBA CHA SELEMANI,M,17,105,1.74,-8.3911457,39.2825083
2018-01-30,Bwejuu,Kusini,NYAMALILE,M,18,120,3.565,-7.9158093,39.6542357
2017-12-22,Jibondo,WALANI,MCHANGA NYUMA,F,14,101,1.8,-7.9734134,39.7282191
2018-01-18,Songosongo,MBUYUNI,BANIANI,F,10,54,0.451,-8.3916141,39.2808858
2018-01-03,Jibondo,WALANI,LWALA,M,9,63,0.54,-7.9733902,39.7280478
2018-01-16,Somanga,Mbuyuni,PWAYASI,F,12,58,0.51,-8.3916141,39.2808858
2018-03-11,Jibondo,WALANI,LWALA,F,9.5,67,0.45,-7.9190966,39.6652922
2018-02-04,Somanga,Mbuyuni,MZIWAJI,M,16,76,0.765,-8.3913841,39.2828327
2018-01-17,Somanga,Mbuyuni,MWAMBA KARUMBI,M,6,122,1.775,-8.7539461,39.4130324
2017-12-27,Jibondo,WALANI,MCHANGA NYUMA,F,9.5,81,0.69,-6.7417122,39.1662076
2018-02-17,Somanga,Mbuyuni,KARUMBI KUBWA,F,20,126,3.18,-8.3978381,39.280793
2018-03-03,Somanga,Mbuyuni,BANDA,F,13,71,0.812,-8.3900089,39.2851041
2018-02-18,Jibondo,WALANI,MCHANGA NYUMA,F,15,118,2,-7.9191335,39.6653093
2018-02-18,Somanga,Mbuyuni,MWAMBA MKUU,F,15,70,1.605,-8.3864979,39.2772752
2018-03-04,Somanga,Mbuyuni,CHAMBA CHA SELEMANI,M,15,89,0.891,-8.3882769,39.2819822
2017-12-18,Somanga,Mbuyuni,Banda ya ndani,M,13,87,0.985,-8.3997946,39.2795878
2018-01-19,Jibondo,WALANI,LWALA,M,10,69,0.74,-7.9734177,39.7280679
2017-12-21,Songosongo,Pembeni,IMBI,M,16,120,3.11,-8.517368333333334,39.49751166666667
2018-02-12,Jibondo,WALANI,MCHANGA NYUMA,F,10.5,71,0.5,-7.9741182,39.7294142
2018-02-01,Songosongo,Pembeni,IMBI,F,14,66,1.09,-8.5262477,39.5089154
2018-01-16,Somanga,Mbuyuni,PWAYASI,F,16,120,3.65,-8.3926445,39.2815348
2018-02-16,Somanga,Mbuyuni,CHAMBA CHA CHOCHA,F,18,76,1.153,-8.3978381,39.280793
2018-01-03,Jibondo,WALANI,LWALA,M,10,60,0.4,-7.9733902,39.7280478
2018-03-12,Jibondo,WALANI,MCHANGA NYUMA,F,7,52,0.25,-7.9190966,39.6652922
2018-03-11,Jibondo,WALANI,LWALA,M,15,102,1.5,-7.9190966,39.6652922
2018-01-16,Songosongo,FUNGUNI,NYAMAMBI,M,16,90,1.705,-8.5260493,39.5082688
2018-01-20,Somanga,Mbuyuni,CHAMBA CHA CHOCHA,M,20,130,3.254,-8.390433333333334,39.27864166666667
2018-02-03,Bwejuu,Kusini,NYAMALILE,M,14,117,2.14,-7.9158093,39.6542357
2018-02-17,Jibondo,WALANI,MCHANGA NYUMA,M,9,64,0.4,-7.9190075,39.6653273
2018-01-05,Jibondo,WALANI,LWALA,M,11,75,0.645,-7.9733902,39.7280478
2018-02-16,Somanga,Mbuyuni,MZIWAJI,F,14,91,0.958,-8.3978381,39.280793
2018-02-03,Songosongo,Pembeni,IMBI,F,12,73,0.825,-8.5265244,39.5089154
2018-01-17,Songosongo,FUNGUNI,BANYANI,M,11,78,5.08,-8.5129912,39.497275
2018-01-20,Songosongo,Funguni,IMBI,M,17,100,1.44,-8.523331,39.5030188
2018-03-11,Jibondo,WALANI,LWALA,F,11,81,0.75,-7.9189665,39.6652921
2018-01-14,Songosongo,Pembeni,IMBI,F,9,57,0.525,-8.5232831,39.5029609
2018-01-17,Somanga,Mbuyuni,MZIWAJI,F,13,80,1,-8.397738,39.2807041
2018-01-07,Songosongo,Pembeni,MWAMBA WA KATI - SONGO,M,9,58,0.415,-8.526368,39.5102086
2018-02-03,Bwejuu,Kusini,NYAMALILE,M,17.5,129,3.49,-7.9158093,39.6542357
2018-01-03,Songosongo,Pembeni,IMBI,M,9,51,0.695,-8.5232028,39.5028723
2018-02-04,Songosongo,Pembeni,IMBI,M,18,122,2.625,-8.5234117,39.5031302
2018-01-03,Songosongo,Pembeni,IMBI,F,10,61,0.655,-8.5232028,39.5028723
2018-01-15,Songosongo,FUNGUNI,NYAMAMBI,F,12,68,0.59,-8.5252603,39.5027571
2018-01-16,Jibondo,WALANI,MCHANGA NYUMA,M,8.5,59,0.415,-7.9734177,39.7280679
2018-01-30,Bwejuu,Kusini,NYAMALILE,F,20,170,4.545,-7.9162621,39.6587564
2018-01-07,Songosongo,Pembeni,MWAMBA WA KATI - SONGO,F,12,77,0.665,-8.5253303,39.5027721
2018-02-05,Somanga,Mbuyuni,CHAMBA CHA CHOCHA,F,14,94,2.099,-8.3952889,39.2802368
2018-02-28,Somanga,Mbuyuni,MWAMBA MKUU,F,19,120,3,-8.3977153,39.2806424
2018-01-16,Somanga,Mbuyuni,CHOCHA,M,14,86,0.96,-8.3883685,39.2807751
2018-01-06,Jibondo,WALANI,MCHANGA NYUMA,F,9,68,0.38,-7.9733902,39.7280478
2018-01-19,Jibondo,WALANI,KITUTIA,F,11.5,86.5,0.995,-7.9734177,39.7280679
2018-02-26,Bwejuu,Kusini,NYAMALILE,M,8,74,0.915,-7.9160826,39.6542357
2018-01-16,Somanga,Mbuyuni,PWAYASI,F,15,108,2,-8.3916141,39.2808858
2018-03-10,Jibondo,WALANI,MCHANGA NYUMA,M,9.5,64,0.5,-7.9190966,39.6652922
2018-02-04,Songosongo,Pembeni,IMBI,F,15,113,1.99,-8.5234117,39.5031302
2018-02-15,Somanga,Mbuyuni,MWAMBA MKUU,F,13,83,0.735,-8.3978381,39.280793
2018-02-17,Somanga,Mbuyuni,CHAMBA CHA CHOCHA,F,15,92,1.226,-8.3978381,39.280793
2018-02-17,Jibondo,WALANI,MCHANGA NYUMA,M,12,87,0.96,-7.9733438,39.7279197
2018-01-21,Songosongo,MBUYUNI,CHAMBA CHA SELEMANI,F,15,99,1.07,-8.3926445,39.2815348
2017-12-30,Jibondo,WALANI,MCHANGA NYUMA,F,9.5,71,0.44,-7.9733938,39.7280458
2018-01-16,Somanga,Mbuyuni,MAKATONI,F,20,129,2.945,-8.397738,39.2807041
2017-12-19,Bwejuu,Kusini,NYAMALILE,F,9.5,78,0.635,-7.916452,39.6589407
2018-01-19,Jibondo,WALANI,KITUTIA,F,9.5,76,0.66,-7.9734177,39.7280679
2018-01-05,Songosongo,Pembeni,MWAMBA WA KATI - SONGO,F,16,88,1.8,-8.5257726,39.5082688
2018-01-20,Songosongo,Funguni,IMBI,F,9,72,0.675,-8.523331,39.5030188
2018-01-14,Songosongo,Pembeni,IMBI,F,13,80,0.82,-8.5242717,39.502859
2017-12-18,Somanga,Mbuyuni,WEMBE KUBWA,F,8,57,0.445,-8.3997946,39.2795878
2018-01-04,Songosongo,Pembeni,IMBI,F,11,74,0.705,-8.5232028,39.5028723
2018-01-05,Songosongo,Pembeni,MWAMBA WA KATI - SONGO,F,16,90,2.03,-8.5257726,39.5082688
2018-01-15,Jibondo,WALANI,MCHANGA NYUMA,F,12,90,0.69,-7.9205629,39.6677814
2018-03-05,Somanga,Mbuyuni,MZIWAJI,F,15,95,0.805,-8.3879394,39.2815348
2018-01-20,Songosongo,Funguni,IMBI,F,17,112,1.875,-8.523331,39.5030188
2018-01-16,Somanga,Mbuyuni,CHAMBA CHA SELEMANI,F,13,91,0.925,-8.397738,39.2807041
2018-02-20,Somanga,Mbuyuni,MZIWAJI,M,15,100,1.56,-8.3977731,39.2807855
2018-01-15,Jibondo,WALANI,MCHANGA NYUMA,F,12,81,0.985,0,0
2018-01-17,Jibondo,WALANI,MCHANGA NYUMA,M,9,64,0.39,-7.9734177,39.7280679
2018-02-14,Somanga,Mbuyuni,CHAMBA CHA CHOCHA,F,13,71,0.81,-8.3978381,39.280793
2018-02-04,Somanga,Mbuyuni,MZIWAJI,F,12,66,0.605,-8.3926445,39.2815348
2018-02-01,Songosongo,Pembeni,IMBI,M,19,102,1.73,-8.5262477,39.5089154
2017-12-30,Jibondo,WALANI,MCHANGA NYUMA,M,15,118,1.135,-7.9733938,39.7280458
2017-12-18,Somanga,Mbuyuni,WEMBE KUBWA,M,13,91,1.115,-8.3997946,39.2795878
2018-02-20,Somanga,Mbuyuni,KOROBA,F,13,55,0.56,-8.3977731,39.2807855
2018-03-08,Songosongo,Pembeni,PWELA,M,12,73,0.42,-8.5287671,39.5052384
2018-01-20,Songosongo,Funguni,IMBI,M,15,93,1.295,-8.523331,39.5030188
2018-02-12,Jibondo,WALANI,MCHANGA NYUMA,F,13,89,1.5,-7.9746529,39.7333336
2018-01-16,Somanga,Mbuyuni,MAKATONI,M,13,83,0.815,-8.397738,39.2807041
2018-01-15,Jibondo,WALANI,MCHANGA NYUMA,F,11,88,0.93,-7.9187966,39.661654
2018-01-20,Songosongo,Funguni,IMBI,M,14,96,1.055,-8.523331,39.5030188
2018-01-05,Jibondo,WALANI,LWALA,F,11,74,0.47,-7.9733902,39.7280478
2018-02-16,Somanga,Mbuyuni,CHAMBA CHA CHOCHA,M,16,90,1.389,-8.3978381,39.280793
2018-01-18,Songosongo,MBUYUNI,CHAMBA CHA CHOCHA,F,10,68,0.605,-8.3899917,39.2805613
2018-02-13,Somanga,Mbuyuni,MZIWAJI,M,10,56,0.5,-8.3978381,39.280793
2018-01-14,Jibondo,WALANI,MCHANGA NYUMA,F,8,63,0.405,-7.9734177,39.7280679
2018-02-12,Somanga,Mbuyuni,CHAMBA CHA SELEMANI,F,20,130,3.101,-8.3978381,39.280793
2018-01-21,Somanga,Mbuyuni,PWAYASI,F,15,110,2.755,-8.3899917,39.2805613
2018-01-16,Somanga,Mbuyuni,CHAMBA CHA CHOCHA,F,9,55,0.501,-8.3916141,39.2808858
2018-01-30,Bwejuu,Kusini,NYAMALILE,M,11.5,75.5,0.81,-7.9158093,39.6542357
2018-01-17,Somanga,Mbuyuni,MZIWAJI,M,14,69,0.51,-8.397738,39.2807041
2018-01-04,Songosongo,Pembeni,IMBI,F,20,125,2.215,-8.5232028,39.5028723
2018-01-05,Songosongo,Pembeni,IMBI,F,16,90,1.585,-8.5257726,39.5082688
2017-12-18,Somanga,Mbuyuni,WEMBE KUBWA,F,8,58,0.415,-8.3997946,39.2795878
2018-01-20,Jibondo,WALANI,MCHANGA NYUMA,M,8,63,0.855,-7.9733466,39.7279827
2018-02-02,Somanga,Mbuyuni,MCHANGA MUOVU,M,20,144,3.895,-8.3913373,39.2808858
2018-01-03,Jibondo,WALANI,LWALA,M,10,62,0.67,-7.9733902,39.7280478
2018-01-14,Jibondo,WALANI,MCHANGA NYUMA,F,8,61,0.52,-7.9187966,39.661654
2018-01-01,Jibondo,WALANI,MCHANGA NYUMA,M,10,71,0.465,-7.9184868,39.6619765
2018-03-05,Somanga,Mbuyuni,MZIWAJI,F,15,17,0.51,-8.3903068,39.2802368
2018-03-07,Songosongo,Pembeni,PWELA,M,14,89,1.505,-8.5287671,39.5052384
2018-01-21,Songosongo,MBUYUNI,CHAMBA CHA SELEMANI,M,24,146,5.21,-8.3916141,39.2808858
2018-01-05,Jibondo,WALANI,LWALA,F,8,60,0.365,-7.9733902,39.7280478
2018-02-13,Somanga,Mbuyuni,CHAMBA CHA MACHANGE,F,16,96,1.085,-8.3978381,39.280793
2018-01-02,Jibondo,WALANI,MCHANGA NYUMA,M,7.5,54.5,0.265,-7.9733938,39.7280458
2018-03-02,Somanga,Mbuyuni,MWAMBA MKUU,F,17,125,1.635,-8.3910776,39.2854286
2017-12-23,Jibondo,WALANI,MCHANGA NYUMA,M,9.5,77.5,0.46,-7.9734425,39.7283671
2018-03-10,Jibondo,WALANI,MCHANGA NYUMA,M,11,70,0.75,-7.9190966,39.6652922
2018-01-18,Jibondo,WALANI,KITUTIA,M,8,61,0.45,-7.9734177,39.7280679
2018-02-02,Songosongo,Pembeni,IMBI,F,20,131,3.72,-8.5265244,39.5089154
2017-12-21,Songosongo,Pembeni,PWELA,M,13,87,1.285,-8.5266838,39.5098853
2017-12-21,Songosongo,Pembeni,IMBI,M,9,58,0.545,-8.5257726,39.5082688
2018-01-18,Songosongo,Funguni,IMBI,M,16,104,1.215,-8.5137787,39.4953347
2017-12-21,Songosongo,Pembeni,IMBI,F,9,57,0.64,-8.517585,39.497535
2018-02-01,Somanga,Mbuyuni,BANIANI,F,17,114,1.54,-8.3881779,39.2818593
2018-01-02,Jibondo,WALANI,MCHANGA NYUMA,M,8.5,61,0.37,-7.9733938,39.7280458
2018-01-18,Songosongo,FUNGUNI,IMBI,M,20,125,2.78,-8.5137787,39.4953347
2018-01-22,Somanga,Mbuyuni,PWAYASI,F,15,109,2.021,-8.3916141,39.2808858
2018-01-20,Somanga,Mbuyuni,SELEMANI,F,13,98,1.1,-8.390645000000001,39.27919333333333
2018-02-11,Jibondo,WALANI,MCHANGA NYUMA,M,12.5,98,0.95,-7.9746529,39.7333336
2018-01-16,Somanga,Mbuyuni,CHAMBA CHA SELEMANI,F,14,81,1.33,-8.397738,39.2807041
2018-01-15,Songosongo,FUNGUNI,BANYANI,F,14,98,1.375,-8.5252603,39.5027571
2018-01-04,Jibondo,WALANI,LWALA,F,11,84,0.505,-7.9733902,39.7280478
2018-02-16,Somanga,Mbuyuni,CHAMBA CHA CHOCHA,F,13,74,0.942,-8.3978381,39.280793
2017-12-21,Songosongo,Pembeni,IMBI,F,10,74,0.855,-8.5266838,39.5098853
2018-02-18,Somanga,Mbuyuni,KARUMBI KUBWA,M,12,65,0.612,-8.3978381,39.280793
2018-02-17,Jibondo,WALANI,MCHANGA NYUMA,F,10,63,0.35,-7.9206724,39.666814
2018-02-16,Somanga,Mbuyuni,MZIWAJI,M,18,99,2,-8.3978381,39.280793
2018-02-15,Songosongo,Pembeni,IMBI,F,18,115,3.295,-8.5234331,39.503162
2018-01-16,Jibondo,WALANI,MCHANGA NYUMA,F,8,60,0.35,-7.9734177,39.7280679
2018-01-15,Jibondo,WALANI,MCHANGA NYUMA,F,13,97,1.1,-7.9734177,39.7280679
2018-01-16,Somanga,Mbuyuni,MACHANGE,M,15,92,0.93,-8.4216475,39.2752449
2018-03-05,Somanga,Mbuyuni,MZIWAJI,M,17,112,2.11,-8.3908391,39.2851041
2018-01-14,Jibondo,WALANI,MCHANGA NYUMA,F,11.5,85,0.76,-7.9187966,39.661654
2018-01-14,Songosongo,Pembeni,IMBI,M,13,81,0.785,-8.5232831,39.5029609
2018-02-20,Somanga,Mbuyuni,KOROBA,M,18,114,2.056,-8.3977731,39.2807855
2018-01-16,Somanga,Mbuyuni,KIJAMBA CHA WEMBE,F,10,52,0.508,-8.397738,39.2807041
2018-01-30,Songosongo,Pembeni,IMBI,F,15,86,1.229,-8.5262477,39.5089154
2018-02-17,Jibondo,WALANI,MCHANGA NYUMA,F,12,82,0.9,-7.9206724,39.666814
2018-02-20,Jibondo,WALANI,MCHANGA NYUMA,F,8,64,0.25,-7.9733374,39.7279309
2018-01-20,Songosongo,Funguni,IMBI,F,10,93,0.74,-8.523331,39.5030188
2018-03-12,Jibondo,WALANI,MCHANGA NYUMA,M,9,68,0.4,-7.9190966,39.6652922
2018-03-06,Songosongo,Pembeni,PWELA,M,12,80,1.14,-8.5287671,39.5052384
2018-01-16,Songosongo,FUNGUNI,NYAMAMBI,F,9,59,0.51,-8.5260493,39.5082688
2018-02-03,Bwejuu,Kusini,NYAMALILE,F,12,80,1.02,-7.9158093,39.6542357
2018-02-02,Songosongo,Pembeni,IMBI,F,22,71,0.975,-8.5315075,39.5111785
2018-01-04,Jibondo,WALANI,LWALA,M,13,78,1.135,-7.9733902,39.7280478
2018-02-01,Somanga,Mbuyuni,KARUMBI KUBWA,F,13,85,1.605,-8.3913373,39.2808858
2018-03-11,Jibondo,WALANI,LWALA,F,9,64,0.45,-7.9189665,39.6652921
2017-12-21,Songosongo,Pembeni,PWELA,F,10,67,0.665,-8.5266838,39.5098853
2018-02-17,Jibondo,WALANI,MCHANGA NYUMA,M,10,89,0.6,-7.9206724,39.666814
2018-01-16,Somanga,Mbuyuni,PWAYASI,F,14,106,1.999,-8.3916141,39.2808858
2018-01-14,Songosongo,Pembeni,IMBI,M,17,124,2.4,-8.5232831,39.5029609
2018-01-17,Somanga,Mbuyuni,MZIWAJI,F,8,60,0.5,-8.397738,39.2807041
2018-01-14,Songosongo,Pembeni,IMBI,F,12,82,0.6,-8.5232831,39.5029609
2018-02-12,Somanga,Mbuyuni,CHAMBA CHA SELEMANI,M,19,122,2.93,-8.3978381,39.280793
2018-02-20,Jibondo,WALANI,MCHANGA NYUMA,F,11,76,0.75,-7.9191242,39.6653364
2018-02-27,Somanga,Mbuyuni,CHAMBA CHA CHOCHA,M,15,76,1.045,-8.392193,39.2780364
2018-01-03,Jibondo,WALANI,LWALA,F,17,126,1.73,-7.9733902,39.7280478
2018-01-22,Somanga,Mbuyuni,KIJAMBA CHA WEMBE,F,16,112,1.52,-8.3879011,39.2818593
2018-01-23,Somanga,Mbuyuni,KARUMBI KUBWA,F,12,90,0.996,-8.3916992,39.2825083
2018-01-17,Somanga,Mbuyuni,MWAMBA KARUMBI,F,16,99,0.94,-8.7539461,39.4130324
2018-01-20,Songosongo,Funguni,IMBI,F,9,77,1.205,-8.523331,39.5030188
2018-01-05,Jibondo,WALANI,LWALA,M,11,75,0.575,-7.9733902,39.7280478
2018-01-17,Somanga,Mbuyuni,MZIWAJI,M,10,61,0.509,-8.397738,39.2807041
2018-02-26,Bwejuu,Kusini,NYAMALILE,F,10,65,0.835,-7.9160826,39.6542357
2018-01-15,Songosongo,FUNGUNI,BANYANI,F,14,93,1.085,-8.5232273,39.5029003
2018-01-14,Jibondo,WALANI,MCHANGA NYUMA,F,11,77,0.9,-7.9187966,39.661654
2018-02-26,Bwejuu,Kusini,NYAMALILE,M,8,66,0.6,-7.9160826,39.6542357
2018-02-13,Somanga,Mbuyuni,MZIWAJI,M,11,80,1.119,-8.3978381,39.280793
2018-03-10,Jibondo,WALANI,MCHANGA NYUMA,F,11,77,0.7,-7.9190966,39.6652922
2018-01-07,Songosongo,Pembeni,IMBI,F,12,99,1.157,-8.526368,39.5102086
2018-01-07,Songosongo,Pembeni,IMBI,M,13,81,1.18,-8.5253303,39.5027721
2018-02-20,Jibondo,WALANI,MCHANGA NYUMA,F,12,93,0.9,-7.9733374,39.7279309
2018-01-05,Jibondo,WALANI,LWALA,M,16,112,1.97,-7.9733902,39.7280478
2018-01-19,Jibondo,WALANI,LWALA,F,9,69,0.475,-7.9734177,39.7280679
2017-12-21,Bwejuu,Kusini,KAULE,F,7.5,46,0.275,-7.916452,39.6589407
2018-02-17,Somanga,Mbuyuni,CHAMBA CHA CHOCHA,M,18,89,1.54,-8.3978381,39.280793
2018-01-20,Songosongo,Funguni,IMBI,F,13,88,0.75,-8.523331,39.5030188
2018-01-17,Somanga,Mbuyuni,MWAMBA KARUMBI,F,11,60,0.405,-8.7539461,39.4130324
2018-01-16,Somanga,Mbuyuni,CHOCHA,M,15,106,1.405,-8.4216475,39.2752449
2018-01-05,Jibondo,WALANI,LWALA,F,20,117,2.955,-7.9733902,39.7280478
2018-01-16,Somanga,Mbuyuni,CHAMBA CHA SELEMANI,M,18,116,1.93,-8.397738,39.2807041
2018-01-07,Songosongo,Pembeni,MWAMBA WA KATI - SONGO,F,21,111,3.98,-8.5282505,39.4992152
2017-12-18,Somanga,Mbuyuni,Banda ya ndani,M,13,101,1.145,-8.3997946,39.2795878
2018-01-31,Songosongo,Pembeni,IMBI,M,11,99,1.505,-8.5262477,39.5089154
2018-03-10,Jibondo,WALANI,MCHANGA NYUMA,F,8,51,0.3,-7.9190966,39.6652922
2018-01-07,Songosongo,Pembeni,MWAMBA WA KATI - SONGO,M,13,72,0.925,-8.5260493,39.5082688
2018-01-31,Somanga,Mbuyuni,KIJAMBA CHA WEMBE,M,13,73,0.74,-8.3926445,39.2815348
2018-01-22,Somanga,Mbuyuni,PWAYASI,M,12,82,0.948,-8.3879011,39.2818593
2018-01-18,Jibondo,WALANI,KITUTIA,M,12,91,1.46,-7.9734177,39.7280679
2018-02-26,Bwejuu,Kusini,NYAMALILE,M,8,75,0.98,-7.9160826,39.6542357
2018-02-18,Jibondo,WALANI,MCHANGA NYUMA,F,10,76.5,0.5,-7.9733438,39.7279197
2018-01-31,Songosongo,Pembeni,IMBI,F,10,76,1.19,-8.5266447,39.5102086
2018-02-17,Jibondo,WALANI,MCHANGA NYUMA,F,12,101,1.15,-7.9733438,39.7279197
2018-03-10,Jibondo,WALANI,MCHANGA NYUMA,F,8,67,0.5,-7.9756325,39.7500807
2018-01-18,Somanga,Mbuyuni,CHAMBA CHA CHOCHA,M,15,105,1.211,-8.3879394,39.2815348
2018-02-17,Jibondo,WALANI,MCHANGA NYUMA,M,10,71,0.6,-7.9187601,39.6619765
2018-01-20,Somanga,Mbuyuni,CHOCHA,F,14,100,1.547,-8.390351666666668,39.27932833333333
2018-02-02,Somanga,Mbuyuni,CHAMBA CHA CHOCHA,F,15,94,1.02,-8.3881779,39.2818593
2017-12-18,Somanga,Mbuyuni,WEMBE KUBWA,F,9,62,0.49,-8.3997946,39.2795878
2018-01-16,Somanga,Mbuyuni,CHAMBA CHA CHOCHA,F,10,56,0.502,-8.3916141,39.2808858
2018-01-15,Songosongo,FUNGUNI,NYAMAMBI,F,12,77,0.575,-8.5232273,39.5029003
2018-01-19,Jibondo,WALANI,LWALA,M,10,83,0.745,-7.9734177,39.7280679
2018-02-26,Bwejuu,Kusini,NYAMALILE,M,10,62,0.725,-7.9160826,39.6542357
2018-01-20,Songosongo,Funguni,IMBI,F,12,97,1.095,-8.523331,39.5030188
2018-02-12,Somanga,Mbuyuni,CHAMBA CHA MACHANGE,M,15,95,1.505,-8.3978381,39.280793
2018-02-17,Jibondo,WALANI,MCHANGA NYUMA,F,9,69,0.75,-7.9733438,39.7279197
2018-01-15,Somanga,Mbuyuni,BANIANI,M,12,68,0.565,-8.4216475,39.2752449
2018-01-16,Somanga,Mbuyuni,CHAMBA CHA MACHANGE,F,13,71,0.725,-8.397738,39.2807041
2018-01-18,Songosongo,Funguni,IMBI,M,13,97,0.995,-8.5129912,39.497275
2018-01-03,Jibondo,WALANI,LWALA,M,13,94,1.145,-7.9733902,39.7280478
2018-01-17,Somanga,Mbuyuni,MAKATONI,F,13,82,1.095,-8.7590907,39.4124931
2018-02-02,Songosongo,Pembeni,IMBI,F,16,88,1.845,-8.5266447,39.5102086
2018-02-18,Jibondo,WALANI,LWALA,F,10,77,0.6,-7.9733438,39.7279197
2018-02-18,Jibondo,WALANI,MCHANGA NYUMA,M,7,65,0.19,-7.9733438,39.7279197
2018-01-07,Songosongo,Pembeni,IMBI,F,20,117,2.74,-8.5253303,39.5027721
2018-02-17,Jibondo,WALANI,MCHANGA NYUMA,M,13,113,1.3,-7.9191335,39.6653093
2018-02-26,Bwejuu,Kusini,NYAMALILE,M,11,61,0.995,-7.9160826,39.6542357
2018-02-17,Jibondo,WALANI,MCHANGA NYUMA,M,11,78.5,0.7,-7.9191335,39.6653093
2018-02-12,Somanga,Mbuyuni,CHAMBA CHA SELEMANI,M,12,87,0.81,-8.3978381,39.280793
2018-02-12,Jibondo,WALANI,MCHANGA NYUMA,F,9,58,0.2,-7.9746529,39.7333336
2018-02-20,Jibondo,WALANI,MCHANGA NYUMA,M,10,65,0.45,-7.9733374,39.7279309
2018-01-14,Jibondo,WALANI,MCHANGA NYUMA,M,9,68,0.375,-7.9187966,39.661654
2018-02-03,Somanga,Mbuyuni,KARUMBI KUBWA,M,19,113,1.501,-8.3926445,39.2815348
2018-03-02,Somanga,Mbuyuni,MWAMBA MKUU,M,15,103,1.085,-8.3900089,39.2851041
2018-02-13,Somanga,Mbuyuni,CHAMBA CHA MACHANGE,F,17,94,1,-8.3978381,39.280793
2018-01-14,Jibondo,WALANI,MCHANGA NYUMA,F,10,64,0.505,-7.9205629,39.6677814
2018-01-16,Songosongo,Funguni,NYAMAMBI,F,10,78,0.605,-8.5260493,39.5082688
2018-02-03,Bwejuu,Kusini,NYAMALILE,M,10.5,78,0.86,-7.9158093,39.6542357
2018-01-04,Jibondo,WALANI,LWALA,F,9,55,0.52,-7.9733902,39.7280478
2018-01-30,Bwejuu,Kusini,NYAMALILE,F,18,148,3.86,-7.9158093,39.6542357
2018-01-16,Jibondo,WALANI,MCHANGA NYUMA,F,11,81,0.69,-7.9734177,39.7280679
2017-12-18,Somanga,Mbuyuni,WEMBE KUBWA,M,11,73,0.69,-8.3997946,39.2795878
2018-01-20,Songosongo,Funguni,BANYANI,F,14,96,1.125,-8.5262868,39.5085921
2018-02-17,Jibondo,WALANI,MCHANGA NYUMA,M,8,54,0.3,-7.9206724,39.666814
2018-02-15,Somanga,Mbuyuni,MWAMBA MKUU,F,21,121,2.61,-8.3978381,39.280793
2018-01-15,Jibondo,WALANI,MCHANGA NYUMA,F,10,67,0.46,-7.9734177,39.7280679
2018-01-22,Somanga,Mbuyuni,PWAYASI,M,18,106,1.59,-8.3916141,39.2808858
2018-01-18,Somanga,Mbuyuni,CHAMBA CHA CHOCHA,F,13,122,2.011,-8.3899917,39.2805613
2018-01-16,Somanga,Mbuyuni,CHAMBA CHA CHOCHA,F,12,90,0.976,-8.3926445,39.2815348
2018-01-16,Somanga,Mbuyuni,KIJAMBA CHA WEMBE,M,12,62,0.545,-8.397738,39.2807041
2018-01-01,Songosongo,Pembeni,IMBI,M,9,71,0.445,0,0
2018-03-03,Somanga,Mbuyuni,CHAMBA CHA CHOCHA,M,15,107,0.997,-8.3910776,39.2854286
2018-02-20,Somanga,Mbuyuni,MZIWAJI,F,24,141,4.56,-8.3977731,39.2807855
2018-02-18,Somanga,Mbuyuni,MWAMBA MKUU,M,18,110,3,-8.3978381,39.280793
2018-03-11,Jibondo,WALANI,LWALA,F,10,65,0.4,-7.9190966,39.6652922
2018-01-17,Somanga,Mbuyuni,MZIWAJI,F,12,68,0.79,-8.397738,39.2807041
2017-12-21,Songosongo,Pembeni,IMBI,F,10,67,0.695,-8.5175,39.49753
2018-01-03,Songosongo,Pembeni,IMBI,M,9,58,0.495,-8.5252273,39.5026941
2017-12-18,Somanga,Mbuyuni,MAKATONI,M,12,69,0.81,-8.3989641,39.2795878
2018-01-16,Somanga,Mbuyuni,CHAMBA CHA CHOCHA,F,11,70,0.56,-8.3916992,39.2825083
2018-03-05,Somanga,Mbuyuni,MZIWAJI,M,16,93,1.525,-8.3903068,39.2802368
2018-01-16,Songosongo,FUNGUNI,NYAMAMBI,F,11,67,0.815,-8.5260493,39.5082688
2018-01-03,Songosongo,Pembeni,IMBI,F,9,54,0.425,-8.5232028,39.5028723
2018-03-04,Somanga,Mbuyuni,CHAMBA CHA SELEMANI,M,13,66,0.732,-8.3882769,39.2819822
2017-12-27,Bwejuu,Kusini,NYAMALILE,F,11,77,0.665,-6.7413759,39.1681849
2018-02-05,Somanga,Mbuyuni,CHAMBA CHA CHOCHA,M,13,86,1.025,-8.3879356,39.2814392
2018-02-15,Somanga,Mbuyuni,MWAMBA MKUU,F,13,91,0.94,-8.3978381,39.280793
2017-12-21,Songosongo,Pembeni,IMBI,M,14,84,1.74,-8.517585,39.497535
2018-01-01,Jibondo,WALANI,MCHANGA NYUMA,M,9,63,0.4,-7.9212189,39.666814
2018-01-19,Jibondo,WALANI,LWALA,F,11,73.5,0.715,-7.9734177,39.7280679
2018-01-20,Somanga,Mbuyuni,SELEMANI,M,15,104,2,-8.390613333333333,39.27926
2018-02-18,Somanga,Mbuyuni,KARUMBI KUBWA,F,14,63,0.701,-8.3978381,39.280793
2017-12-18,Somanga,Mbuyuni,WEMBE KUBWA,F,10,63,0.635,-8.3989641,39.2795878
2018-01-20,Songosongo,Funguni,IMBI,F,14,95,1.285,-8.523331,39.5030188
2018-02-04,Songosongo,Pembeni,IMBI,F,18,109,2.56,-8.5240625,39.5030899
2018-01-03,Jibondo,WALANI,LWALA,F,7,61,0.73,-7.9733902,39.7280478
2018-01-17,Somanga,Mbuyuni,MWAMBA KARUMBI,M,10,65,0.395,-8.7539461,39.4130324
2018-01-15,Songosongo,FUNGUNI,BANYANI,M,10,60,0.565,-8.5252603,39.5027571
2018-01-16,Somanga,Mbuyuni,CHOCHA,F,17,112,1.805,-8.3883685,39.2807751
2018-02-12,Somanga,Mbuyuni,CHAMBA CHA MACHANGE,M,18,116,2.26,0,0
2018-02-04,Jibondo,WALANI,MCHANGA NYUMA,M,10,67,0.5,-7.9746428,39.7333117
2018-01-01,Jibondo,WALANI,MCHANGA NYUMA,F,8.5,65,0.385,-7.9212189,39.666814
2018-01-14,Jibondo,WALANI,MCHANGA NYUMA,M,11,84,0.75,-7.9187966,39.661654
2018-01-03,Songosongo,Pembeni,IMBI,F,10,68,1.08,-8.5232028,39.5028723
2018-01-17,Songosongo,FUNGUNI,NYAMAMBI,M,19,107,3.33,-8.5137787,39.4953347
2018-03-12,Jibondo,WALANI,MCHANGA NYUMA,F,15,114,2.5,-7.9189665,39.6652921
2018-03-03,Somanga,Mbuyuni,Banda ya nje,M,18,112,1.432,-8.3911457,39.2825083
2018-02-17,Jibondo,WALANI,MCHANGA NYUMA,F,8,63,0.335,-7.9191335,39.6653093
2018-02-01,Somanga,Mbuyuni,KARUMBI KUBWA,F,14,70,1.07,-8.3913373,39.2808858
2017-12-31,Bwejuu,Kusini,NYAMALILE,F,8,65,0.52,-7.9163194,39.6545582
2018-03-10,Jibondo,WALANI,MCHANGA NYUMA,M,16,118,2,-7.9190966,39.6652922
2018-01-17,Somanga,Mbuyuni,MZIWAJI,F,9,58,0.612,-8.397738,39.2807041
2018-02-28,Bwejuu,Kusini,NYAMALILE,M,9,81,0.57,-7.9160826,39.6542357
2018-01-14,Songosongo,Pembeni,IMBI,F,13,71,0.875,-8.5232831,39.5029609
2018-01-30,Bwejuu,Kusini,NYAMALILE,M,15,123,2.375,-7.9158093,39.6542357
2017-12-23,Songosongo,Pembeni,NJOVI,F,10,82,1.07,-8.5257726,39.5082688
2018-02-02,Somanga,Mbuyuni,MCHANGA MUOVU,F,20,157,4.535,-8.3913841,39.2828327
2018-01-04,Songosongo,Pembeni,IMBI,M,13,78,1.125,-8.5232028,39.5028723
2018-02-03,Songosongo,MBUYUNI,MWAMBA JAHAZI,M,14,74,0.787,-8.3881477,39.2819625
2017-12-27,Jibondo,WALANI,MCHANGA NYUMA,F,18,150,3.153,-6.7412701,39.1636337
2018-01-09,Songosongo,Pembeni,IMBI,M,16,107,2.395,-8.5289327,39.5047663
2018-01-30,Bwejuu,Kusini,NYAMALILE,M,16,118,2.23,-7.9162621,39.6587564
2018-01-18,Songosongo,Funguni,IMBI,M,14,99,1.4,-8.5137787,39.4953347
2018-02-28,Bwejuu,Kusini,NYAMALILE,M,13,100,1.58,-7.9160826,39.6542357
2018-03-01,Somanga,Mbuyuni,CHAMBA CHA SELEMANI,M,16,76,0.987,0,0
2018-02-05,Songosongo,Funguni,IMBI,M,15,99,2.82,-8.5234063,39.5031224
2018-01-16,Somanga,Mbuyuni,MWAMBA MKUU,F,12,78,0.55,-8.3916141,39.2808858
2018-02-20,Somanga,Mbuyuni,KOROBA,M,20,129,2.99,-8.3977731,39.2807855
2017-12-18,Somanga,Mbuyuni,WEMBE KUBWA,F,18,133,1.67,-8.3989641,39.2795878
2018-01-14,Jibondo,WALANI,MCHANGA NYUMA,M,9,76,0.46,-7.9187966,39.661654
2018-03-03,Somanga,Mbuyuni,BANDA,F,15,67,0.591,-8.3910776,39.2854286
2018-01-16,Somanga,Mbuyuni,MWAMBA MKUU,F,13,93,0.778,-8.3926445,39.2815348
2018-01-19,Jibondo,WALANI,LWALA,M,8,63,0.29,-7.9734177,39.7280679
2018-01-23,Somanga,Mbuyuni,KARUMBI KUBWA,M,20,148,3.418,-8.3916992,39.2825083
2018-01-15,Songosongo,FUNGUNI,SONGOSONGO,F,18,128,2.085,-8.5232273,39.5029003
2018-02-17,Jibondo,WALANI,MCHANGA NYUMA,F,10,66.5,0.45,-7.9206724,39.666814
2018-01-03,Jibondo,WALANI,LWALA,M,13,97,1.355,-7.9733902,39.7280478
2018-01-14,Songosongo,Pembeni,IMBI,M,15,99,1.47,-8.5232831,39.5029609
2018-02-18,Somanga,Mbuyuni,MWAMBA MKUU,F,14,72,2.11,-8.3978381,39.280793
2018-01-16,Somanga,Mbuyuni,BANDA MRIMA,F,15,97,0.895,-8.397738,39.2807041
2018-02-03,Somanga,Mbuyuni,MWAMBA JAHAZI,F,14,69,0.671,-8.3926445,39.2815348
2018-02-03,Songosongo,Pembeni,IMBI,M,16,87,1.985,-8.5303587,39.5092387
2018-01-07,Songosongo,Pembeni,PUPU,F,9,66,1.05,-8.5260493,39.5082688
2017-12-21,Bwejuu,Kusini,KAULE,F,9.5,79,0.725,-7.916452,39.6589407
2018-01-15,Somanga,Mbuyuni,BANIANI,F,12,78,0.43,-8.4216475,39.2752449
2018-02-16,Somanga,Mbuyuni,CHAMBA CHA CHOCHA,F,10,60,0.505,-8.3978381,39.280793
2018-01-31,Somanga,Mbuyuni,KIJAMBA CHA WEMBE,M,13,78,0.801,-8.3881779,39.2818593
2018-02-15,Somanga,Mbuyuni,UNIDENTIFIED - KILWA,F,14,76,0.52,-8.3978381,39.280793
2018-02-26,Bwejuu,Kusini,NYAMALILE,F,10.5,81,0.98,-7.9160826,39.6542357
2018-01-07,Songosongo,Pembeni,MWAMBA WA KATI - SONGO,F,15,93,1.6,-8.5260493,39.5082688
2018-01-03,Songosongo,Pembeni,IMBI,F,10,72,0.85,-8.5232028,39.5028723
2017-12-18,Somanga,Mbuyuni,Banda ya ndani,F,14,94,1.01,-8.3997946,39.2795878
2018-02-26,Bwejuu,Kusini,NYAMALILE,F,13,112,2.825,-7.9160826,39.6542357
2017-12-21,Songosongo,Pembeni,PWELA,M,11,63,0.69,-8.5266838,39.5098853
2018-01-04,Bwejuu,Kusini,NYAMALILE,M,12,102,3.1,-7.9163194,39.6545582
2018-03-12,Jibondo,WALANI,MCHANGA NYUMA,F,11,79,0.8,-7.9190966,39.6652922
2018-01-16,Somanga,Mbuyuni,CHAMBA CHA CHOCHA,F,12,60,0.612,-8.3916992,39.2825083
2018-01-16,Somanga,Mbuyuni,CHOCHA,F,15,108,1.41,-8.3883685,39.2807751
2018-02-28,Somanga,Mbuyuni,MWAMBA MKUU,M,16,102,1.5,-8.3977153,39.2806424
2018-02-18,Jibondo,WALANI,MCHANGA NYUMA,F,8,59,0.25,-7.9733438,39.7279197
2018-02-12,Jibondo,WALANI,MCHANGA NYUMA,M,9,67,0.5,-7.9746529,39.7333336
2018-02-17,Somanga,Mbuyuni,CHAMBA CHA CHOCHA,F,17,100,2,-8.3978381,39.280793
2018-02-18,Somanga,Mbuyuni,MWAMBA MKUU,F,16,105,2.301,-8.3978381,39.280793
2018-02-13,Somanga,Mbuyuni,MZIWAJI,F,15,90,1.621,-8.3978381,39.280793
2018-01-19,Jibondo,WALANI,KITUTIA,F,12,111,1.17,-7.9734177,39.7280679
2018-02-02,Songosongo,Pembeni,IMBI,M,12,69,0.9,-8.5315075,39.5111785
2018-02-03,Somanga,Mbuyuni,KARUMBI KUBWA,F,22,123,2.118,-8.3926445,39.2815348
2018-02-18,Jibondo,WALANI,LWALA,F,10,67,0.5,-7.9191335,39.6653093
2018-01-03,Songosongo,Pembeni,IMBI,M,12,73,0.82,-8.5232028,39.5028723
2018-01-17,Jibondo,WALANI,MCHANGA NYUMA,M,12,88,0.9,-7.94622,39.6967008
2018-01-30,Somanga,Mbuyuni,MWAMBA MKUU,M,21,150,3.518,-8.3952889,39.2802368
2017-12-21,Songosongo,Pembeni,PWELA,F,10,66,0.84,-8.5266838,39.5098853
2018-02-20,Somanga,Mbuyuni,MZIWAJI,M,21,123,2.54,-8.3751234,39.2737873
2018-01-07,Songosongo,Pembeni,PUPU,M,13,93,1.57,-8.5260493,39.5082688
2018-01-15,Somanga,Mbuyuni,CHOCHA,F,17,106,2.22,-8.4216475,39.2752449
2017-12-27,Jibondo,WALANI,MCHANGA NYUMA,F,9,74,0.72,-6.7417079,39.1706538
2017-12-21,Songosongo,Pembeni,IMBI,M,13,170,0.97,-8.517368333333334,39.49751166666667
2018-01-18,Songosongo,Funguni,IMBI,M,11,99,0.51,-8.5137787,39.4953347
2018-01-31,Somanga,Mbuyuni,KIJAMBA CHA WEMBE,M,16,103,1.27,-8.3913841,39.2828327
2017-12-18,Somanga,Mbuyuni,WEMBE KUBWA,M,9.5,68,0.59,-8.3997946,39.2795878
2018-01-16,Somanga,Mbuyuni,CHAMBA CHA MACHANGE,F,13,103,1.025,-8.397738,39.2807041
2018-01-16,Songosongo,FUNGUNI,SONGOSONGO,M,10,67,0.525,-8.5260493,39.5082688
2018-02-14,Somanga,Mbuyuni,CHAMBA CHA SELEMANI,M,22,93,2.855,-8.3978381,39.280793
2018-01-17,Songosongo,FUNGUNI,BANYANI,M,13,77,0.77,-8.5129912,39.497275
2018-01-16,Somanga,Mbuyuni,CHOCHA,M,14,89,0.78,-8.4216475,39.2752449
2017-12-30,Jibondo,WALANI,MCHANGA NYUMA,M,9,75,0.425,-7.9733938,39.7280458
2018-03-12,Jibondo,WALANI,MCHANGA NYUMA,F,15,95,1.095,-7.9190966,39.6652922
2018-02-18,Jibondo,WALANI,LWALA,M,13,92,0.9,-7.9190075,39.6653273
2018-03-12,Jibondo,WALANI,MCHANGA NYUMA,M,8,62,0.275,-7.9190966,39.6652922
2018-01-03,Songosongo,Pembeni,IMBI,F,8,56,0.63,-8.5245525,39.5027535
2018-01-15,Somanga,Mbuyuni,MWAMBA MKUU,F,11,69,0.32,-8.4216475,39.2752449
2018-01-07,Songosongo,Pembeni,PUPU,M,15,121,2.01,-8.5260493,39.5082688
2018-02-17,Jibondo,WALANI,MCHANGA NYUMA,F,16,115,3,-7.9191335,39.6653093
2018-01-04,Bwejuu,Kusini,NYAMALILE,M,11,126,2.195,-7.9163194,39.6545582
2018-02-17,Jibondo,WALANI,MCHANGA NYUMA,F,10,86,0.6,-7.9206724,39.666814
2017-12-30,Jibondo,WALANI,MCHANGA NYUMA,F,7,55,0.245,-7.9733938,39.7280458
2018-02-13,Somanga,Mbuyuni,MZIWAJI,M,11,71,0.81,-8.3978381,39.280793
2018-01-30,Bwejuu,Kusini,NYAMALILE,F,19,120,4.27,-7.9158093,39.6542357
2018-01-14,Jibondo,WALANI,MCHANGA NYUMA,F,12,86,0.615,-7.9187966,39.661654
2018-01-05,Jibondo,WALANI,LWALA,F,8,51,0.345,-7.9733902,39.7280478
2017-12-18,Somanga,Mbuyuni,WEMBE KUBWA,F,12,85,0.855,-8.3989641,39.2795878
2018-01-15,Somanga,Mbuyuni,BANIANI,F,17,140,1.655,-8.4216475,39.2752449
2018-01-20,Jibondo,WALANI,LWALA,F,8.5,63,0.43,-7.9190224,39.6653336
2018-01-30,Songosongo,Pembeni,IMBI,F,19,120,2.483,-8.5262477,39.5089154
2018-01-17,Somanga,Mbuyuni,MWAMBA KARUMBI,F,18,130,2.88,-8.7539461,39.4130324
2018-01-17,Somanga,Mbuyuni,MWAMBA KARUMBI,F,19,136,3.065,-8.7539461,39.4130324
2018-01-15,Somanga,Mbuyuni,BANIANI,F,13,82,1.155,-8.4216475,39.2752449
2018-01-16,Somanga,Mbuyuni,BANDA MRIMA,M,12,84,0.78,-8.397738,39.2807041
2018-02-02,Songosongo,Pembeni,IMBI,M,11,67,0.655,-8.5315075,39.5111785
2018-01-30,Bwejuu,Kusini,NYAMALILE,F,17.5,130,3.195,-7.9158093,39.6542357
2018-01-30,Somanga,Mbuyuni,Banda ya nje,F,13,20,0.91,0,0
2017-12-18,Somanga,Mbuyuni,WEMBE KUBWA,M,9,51,0.42,-8.3989641,39.2795878
2018-01-16,Somanga,Mbuyuni,CHAMBA CHA MACHANGE,F,12,92,0.705,-8.397738,39.2807041
2018-02-27,Somanga,Mbuyuni,CHAMBA CHA SELEMANI,F,23,135,3.95,-8.3977731,39.2807855
2018-01-17,Somanga,Mbuyuni,MAKATONI,F,13,71,0.615,-8.7590907,39.4124931
2018-02-14,Somanga,Mbuyuni,CHAMBA CHA CHOCHA,M,19,129,2.44,-8.3978381,39.280793
2018-02-16,Somanga,Mbuyuni,MZIWAJI,F,24,143,4.436,-8.3978381,39.280793
